Unique_ID,Similarity_score
0,0.38947051763534546
1,0.29206621646881104
2,0.2728901505470276
3,0.1849551796913147
4,0.1716768741607666
5,0.2492884397506714
6,0.31913208961486816
7,0.152612566947937
8,0.2093600034713745
9,0.09870898723602295
10,0.38789457082748413
11,0.2516489028930664
12,0.27929478883743286
13,0.16541564464569092
14,0.23851191997528076
15,0.25654757022857666
16,0.24984663724899292
17,0.27797985076904297
18,0.1115686297416687
19,0.17377245426177979
20,0.32292020320892334
21,0.2024717926979065
22,0.2157517671585083
23,0.33713018894195557
24,0.25534117221832275
25,0.19453215599060059
26,0.29359233379364014
27,0.18318629264831543
28,0.25347471237182617
29,0.24275147914886475
30,0.37877821922302246
31,0.43795907497406006
32,0.15244805812835693
33,0.16913634538650513
34,0.3419102430343628
35,0.3061959743499756
36,0.13560724258422852
37,0.2042737603187561
38,0.37849611043930054
39,0.25085896253585815
40,0.25548064708709717
41,0.30043935775756836
42,0.22709518671035767
43,0.15481680631637573
44,0.2625923156738281
45,0.15616297721862793
46,0.22879374027252197
47,0.3929126262664795
48,0.22841686010360718
49,0.26657217741012573
50,0.17978668212890625
51,0.2835385799407959
52,0.4032949209213257
53,0.37457138299942017
54,0.23725199699401855
55,0.15802663564682007
56,0.26404130458831787
57,0.3291246294975281
58,0.12836837768554688
59,0.28192251920700073
60,0.171644389629364
61,0.16132712364196777
62,0.2589339017868042
63,0.3443198800086975
64,0.3735719919204712
65,0.4103628993034363
66,0.32024526596069336
67,0.2378406524658203
68,0.19767796993255615
69,0.19558483362197876
70,0.24061036109924316
71,0.37087416648864746
72,0.30593931674957275
73,0.2478790283203125
74,0.36460959911346436
75,0.33244824409484863
76,0.26683342456817627
77,0.2070344090461731
78,0.23003923892974854
79,0.28017526865005493
80,0.3569239377975464
81,0.33340370655059814
82,0.24423587322235107
83,0.4753178358078003
84,0.44353026151657104
85,0.3953765034675598
86,0.24897736310958862
87,0.19012975692749023
88,0.16635286808013916
89,0.17195165157318115
90,0.34281712770462036
91,0.39439821243286133
92,0.37960147857666016
93,0.1959468126296997
94,0.20295488834381104
95,0.30421143770217896
96,0.28316426277160645
97,0.3531731963157654
98,0.3441770076751709
99,0.32580405473709106
100,0.38694220781326294
101,0.3781116008758545
102,0.3863457441329956
103,0.17513716220855713
104,0.20846176147460938
105,0.261946439743042
106,0.31878161430358887
107,0.287081241607666
108,0.517589271068573
109,0.29039716720581055
110,0.36135464906692505
111,0.26690036058425903
112,0.22166740894317627
113,0.3494890332221985
114,0.309651255607605
115,0.15033018589019775
116,0.28826820850372314
117,0.4487290382385254
118,0.22344577312469482
119,0.13764774799346924
120,0.3278140425682068
121,0.21380960941314697
122,0.12067675590515137
123,0.2659343481063843
124,0.2703261375427246
125,0.29136204719543457
126,0.1478785276412964
127,0.33324146270751953
128,0.27970123291015625
129,0.32678526639938354
130,0.24230635166168213
131,0.20627868175506592
132,0.2360953688621521
133,0.3318434953689575
134,0.34312164783477783
135,0.17686152458190918
136,0.31085968017578125
137,0.3224033713340759
138,0.23439162969589233
139,0.26109379529953003
140,0.3337749242782593
141,0.22799372673034668
142,0.41846567392349243
143,0.39380890130996704
144,0.1913924217224121
145,0.310327410697937
146,0.10730624198913574
147,0.2657037377357483
148,0.1789942979812622
149,0.3089069128036499
150,0.15394043922424316
151,0.33508336544036865
152,0.2957708239555359
153,0.23733896017074585
154,0.2805211544036865
155,0.2714107632637024
156,0.17031019926071167
157,0.29817676544189453
158,0.3198103904724121
159,0.09756910800933838
160,0.2429715394973755
161,0.09787547588348389
162,0.4033043384552002
163,0.23809653520584106
164,0.31596899032592773
165,0.2232421636581421
166,0.2786291837692261
167,0.2834906578063965
168,0.21204817295074463
169,0.23324227333068848
170,0.39411425590515137
171,0.3197290897369385
172,0.2758152484893799
173,0.31798428297042847
174,0.47280389070510864
175,0.1369154453277588
176,0.21655303239822388
177,0.18199384212493896
178,0.2960363030433655
179,0.14517176151275635
180,0.4182373285293579
181,0.08954304456710815
182,0.22238415479660034
183,0.28807830810546875
184,0.25753873586654663
185,0.24315643310546875
186,0.3821331858634949
187,0.35818469524383545
188,0.17886579036712646
189,0.28840696811676025
190,0.12039858102798462
191,0.24839681386947632
192,0.36540645360946655
193,0.2513742446899414
194,0.26118963956832886
195,0.44921696186065674
196,0.22031819820404053
197,0.29141271114349365
198,0.32226431369781494
199,0.18719017505645752
200,0.27572208642959595
201,0.33848702907562256
202,0.3089451789855957
203,0.40717148780822754
204,0.3102511167526245
205,0.1776430606842041
206,0.1728506088256836
207,0.18527597188949585
208,0.3221571445465088
209,0.2650868892669678
210,0.4872966408729553
211,0.24327707290649414
212,0.4281177520751953
213,0.2815414071083069
214,0.361566960811615
215,0.2990201711654663
216,0.3738587498664856
217,0.3051256537437439
218,0.22063779830932617
219,0.29597043991088867
220,0.24163568019866943
221,0.2398889660835266
222,0.2374880313873291
223,0.23649311065673828
224,0.33868592977523804
225,0.3146136403083801
226,0.4154355525970459
227,0.47487151622772217
228,0.2072637677192688
229,0.3850790858268738
230,0.3156850337982178
231,0.25078916549682617
232,0.3413388729095459
233,0.3306652307510376
234,0.16944873332977295
235,0.23768794536590576
236,0.14794188737869263
237,0.27230650186538696
238,0.2055758237838745
239,0.20355618000030518
240,0.24769586324691772
241,0.21629011631011963
242,0.2604338526725769
243,0.3205864429473877
244,0.21674084663391113
245,0.16697931289672852
246,0.24273300170898438
247,0.33062028884887695
248,0.21778446435928345
249,0.33411651849746704
250,0.21788346767425537
251,0.314536452293396
252,0.4401034712791443
253,0.3960716128349304
254,0.19948017597198486
255,0.26800453662872314
256,0.39524006843566895
257,0.4084123969078064
258,0.40342456102371216
259,0.2477901577949524
260,0.33736222982406616
261,0.23532581329345703
262,0.22658556699752808
263,0.3386843204498291
264,0.16031146049499512
265,0.2586362957954407
266,0.31568819284439087
267,0.24107372760772705
268,0.13595163822174072
269,0.37579619884490967
270,0.13587963581085205
271,0.35168975591659546
272,0.19131529331207275
273,0.3355821371078491
274,0.08611881732940674
275,0.16445815563201904
276,0.2940807342529297
277,0.5594042539596558
278,0.2608618140220642
279,0.28710484504699707
280,0.19874393939971924
281,0.19812214374542236
282,0.2933230996131897
283,0.36260712146759033
284,0.06729871034622192
285,0.34296560287475586
286,0.26925718784332275
287,0.2886403799057007
288,0.24073374271392822
289,0.3214836120605469
290,0.21048903465270996
291,0.21839243173599243
292,0.231836199760437
293,0.281005859375
294,0.20708143711090088
295,0.23454207181930542
296,0.3257216215133667
297,0.2423521876335144
298,0.23481208086013794
299,0.14346259832382202
300,0.3017702102661133
301,0.17256760597229004
302,0.1647036075592041
303,0.17722773551940918
304,0.21143394708633423
305,0.20690596103668213
306,0.30619508028030396
307,0.22150647640228271
308,0.37060874700546265
309,0.45050132274627686
310,0.3310352563858032
311,0.1649550199508667
312,0.3687007427215576
313,0.1726580262184143
314,0.23131448030471802
315,0.43789172172546387
316,0.3437819480895996
317,0.4044147729873657
318,0.21373510360717773
319,0.09830868244171143
320,0.3544168472290039
321,0.22424447536468506
322,0.18136119842529297
323,0.3246135115623474
324,0.2640725374221802
325,0.39828163385391235
326,0.1868574023246765
327,0.1397172212600708
328,0.11119276285171509
329,0.10579347610473633
330,0.33284246921539307
331,0.3642697334289551
332,0.35824525356292725
333,0.15579336881637573
334,0.23837709426879883
335,0.23703336715698242
336,0.22965478897094727
337,0.17764043807983398
338,0.19678843021392822
339,0.390542209148407
340,0.30166900157928467
341,0.41356992721557617
342,0.40024852752685547
343,0.2657548189163208
344,0.19873857498168945
345,0.32117706537246704
346,0.2679774761199951
347,0.3455010652542114
348,0.34290748834609985
349,0.3668137192726135
350,0.2928779721260071
351,0.1733197569847107
352,0.24483031034469604
353,0.24990946054458618
354,0.28442806005477905
355,0.3840172290802002
356,0.30209624767303467
357,0.2671412229537964
358,0.41721242666244507
359,0.2449018955230713
360,0.34928613901138306
361,0.1507730484008789
362,0.26111268997192383
363,0.29119813442230225
364,0.2785090208053589
365,0.25217437744140625
366,0.2018364667892456
367,0.3761671185493469
368,0.3438507318496704
369,0.3420487642288208
370,0.25061798095703125
371,0.1906222105026245
372,0.2529247999191284
373,0.27970099449157715
374,0.37498795986175537
375,0.25672078132629395
376,0.2728496789932251
377,0.11794757843017578
378,0.378939151763916
379,0.20947104692459106
380,0.1860579252243042
381,0.22855669260025024
382,0.3252941370010376
383,0.2881413698196411
384,0.24801641702651978
385,0.20879840850830078
386,0.32425886392593384
387,0.20025622844696045
388,0.3704460859298706
389,0.2812155485153198
390,0.24837404489517212
391,0.17664361000061035
392,0.1695164442062378
393,0.1978166103363037
394,0.23311227560043335
395,0.4153672456741333
396,0.36668330430984497
397,0.4165353775024414
398,0.24584752321243286
399,0.21215516328811646
400,0.11690837144851685
401,0.2936509847640991
402,0.3710079789161682
403,0.4039193391799927
404,0.3471139669418335
405,0.08056175708770752
406,0.348330557346344
407,0.15145009756088257
408,0.284822940826416
409,0.22292888164520264
410,0.2720102071762085
411,0.31653285026550293
412,0.2162885069847107
413,0.35533857345581055
414,0.26113182306289673
415,0.3001086115837097
416,0.48915016651153564
417,0.50077223777771
418,0.26174861192703247
419,0.28748321533203125
420,0.3067808747291565
421,0.28732144832611084
422,0.26936352252960205
423,0.0951281189918518
424,0.17212331295013428
425,0.3870917558670044
426,0.3242601156234741
427,0.2701573371887207
428,0.18307936191558838
429,0.18364357948303223
430,0.33109813928604126
431,0.3259129524230957
432,0.3634226322174072
433,0.20229828357696533
434,0.19238007068634033
435,0.34640562534332275
436,0.25527119636535645
437,0.2271188497543335
438,0.27622103691101074
439,0.46741676330566406
440,0.40975672006607056
441,0.2026883363723755
442,0.07164621353149414
443,0.29679960012435913
444,0.42665624618530273
445,0.41565781831741333
446,0.18383020162582397
447,0.2852531671524048
448,0.1948978304862976
449,0.1642611026763916
450,0.19908571243286133
451,0.23305082321166992
452,0.2633845806121826
453,0.15010643005371094
454,0.2578979730606079
455,0.3495439291000366
456,0.3809831738471985
457,0.2749977111816406
458,0.3616372346878052
459,0.1670541763305664
460,0.16982567310333252
461,0.2545032501220703
462,0.16302597522735596
463,0.13284629583358765
464,0.2993077039718628
465,0.5393251478672028
466,0.24787718057632446
467,0.3750694990158081
468,0.44603633880615234
469,0.2188931703567505
470,0.24125421047210693
471,0.2548586130142212
472,0.07986271381378174
473,0.2736414670944214
474,0.24230152368545532
475,0.27986353635787964
476,0.43597131967544556
477,0.13561350107192993
478,0.3976460099220276
479,0.4738534092903137
480,0.37186068296432495
481,0.33781856298446655
482,0.5363626182079315
483,0.2512533664703369
484,0.3274833559989929
485,0.17177510261535645
486,0.36303579807281494
487,0.25491929054260254
488,0.19731903076171875
489,0.2563292980194092
490,0.33361536264419556
491,0.2809266448020935
492,0.44650089740753174
493,0.23569059371948242
494,0.2893669009208679
495,0.21257245540618896
496,0.27476465702056885
497,0.40998685359954834
498,0.4486348628997803
499,0.19269073009490967
500,0.32288289070129395
501,0.19029080867767334
502,0.17696928977966309
503,0.11085242033004761
504,0.33782386779785156
505,0.3374723792076111
506,0.4331427812576294
507,0.3705962896347046
508,0.22630220651626587
509,0.153389573097229
510,0.34739160537719727
511,0.23963725566864014
512,0.15061181783676147
513,0.42163753509521484
514,0.21559202671051025
515,0.33766651153564453
516,0.21383243799209595
517,0.3156328797340393
518,0.18003839254379272
519,0.3380656838417053
520,0.4702942371368408
521,0.3410308361053467
522,0.18407392501831055
523,0.15998077392578125
524,0.24279069900512695
525,0.15242624282836914
526,0.18796789646148682
527,0.15364724397659302
528,0.2968270182609558
529,0.2635277509689331
530,0.37057197093963623
531,0.12474751472473145
532,0.2622220516204834
533,0.22202152013778687
534,0.15435969829559326
535,0.09849286079406738
536,0.2506557106971741
537,0.2358492612838745
538,0.1992093324661255
539,0.268649697303772
540,0.13465142250061035
541,0.3901294469833374
542,0.26412224769592285
543,0.40068888664245605
544,0.17724609375
545,0.20388585329055786
546,0.24244344234466553
547,0.2603393793106079
548,0.25821805000305176
549,0.15190160274505615
550,0.5318910181522369
551,0.12206733226776123
552,0.28236281871795654
553,0.23248326778411865
554,0.16945630311965942
555,0.23249924182891846
556,0.14834970235824585
557,0.3218632936477661
558,0.17764806747436523
559,0.3387831449508667
560,0.39027518033981323
561,0.37500303983688354
562,0.18331480026245117
563,0.3118215799331665
564,0.37513089179992676
565,0.4996926784515381
566,0.4173416495323181
567,0.19191789627075195
568,0.3634226322174072
569,0.4107967019081116
570,0.2966839075088501
571,0.2233356237411499
572,0.32400405406951904
573,0.35757482051849365
574,0.35987329483032227
575,0.14248573780059814
576,0.24424266815185547
577,0.44631171226501465
578,0.3372243046760559
579,0.2490835189819336
580,0.35509634017944336
581,0.14216655492782593
582,0.3545665740966797
583,0.17624354362487793
584,0.35960888862609863
585,0.2217313051223755
586,0.12266397476196289
587,0.341930627822876
588,0.35978031158447266
589,0.17498207092285156
590,0.23736822605133057
591,0.3548842668533325
592,0.2717595100402832
593,0.23792290687561035
594,0.2677069306373596
595,0.2962040305137634
596,0.20914936065673828
597,0.29260188341140747
598,0.21103805303573608
599,0.2565183639526367
600,0.1381664276123047
601,0.28425920009613037
602,0.11021673679351807
603,0.14965760707855225
604,0.33288800716400146
605,0.3150034546852112
606,0.34466552734375
607,0.21643149852752686
608,0.2956697940826416
609,0.23092782497406006
610,0.37146908044815063
611,0.36227118968963623
612,0.2642776370048523
613,0.22353899478912354
614,0.19826507568359375
615,0.24142920970916748
616,0.26946550607681274
617,0.20746684074401855
618,0.16448760032653809
619,0.1714557409286499
620,0.24509477615356445
621,0.36750102043151855
622,0.10451430082321167
623,0.24003833532333374
624,0.3572201728820801
625,0.25864583253860474
626,0.2939831614494324
627,0.1707763671875
628,0.09054160118103027
629,0.35546064376831055
630,0.38743340969085693
631,0.21666061878204346
632,0.219704270362854
633,0.20052295923233032
634,0.19327598810195923
635,0.4174094796180725
636,0.3444352149963379
637,0.36921751499176025
638,0.20433270931243896
639,0.31534987688064575
640,0.37072086334228516
641,0.2922777533531189
642,0.17778074741363525
643,0.2627032995223999
644,0.29645609855651855
645,0.3677781820297241
646,0.35562288761138916
647,0.26457107067108154
648,0.3597041964530945
649,0.23503154516220093
650,0.42451512813568115
651,0.39174890518188477
652,0.26140010356903076
653,0.43982458114624023
654,0.36008214950561523
655,0.2701278328895569
656,0.291024386882782
657,0.2913689613342285
658,0.3760296106338501
659,0.2514221668243408
660,0.20322638750076294
661,0.2810029983520508
662,0.3444918394088745
663,0.20044374465942383
664,0.318900465965271
665,0.16009414196014404
666,0.33081239461898804
667,0.17673885822296143
668,0.44316959381103516
669,0.15665864944458008
670,0.190954327583313
671,0.19193243980407715
672,0.32637715339660645
673,0.3785168528556824
674,0.3565438389778137
675,0.29907363653182983
676,0.3067024350166321
677,0.2172718048095703
678,0.23811602592468262
679,0.2937237024307251
680,0.09606200456619263
681,0.16821777820587158
682,0.08505332469940186
683,0.25986146926879883
684,0.15087151527404785
685,0.21362686157226562
686,0.3464098572731018
687,0.24350297451019287
688,0.2253962755203247
689,0.20890706777572632
690,0.3765357732772827
691,0.1788111925125122
692,0.2289556860923767
693,0.4173020124435425
694,0.14668124914169312
695,0.13571178913116455
696,0.12187004089355469
697,0.2741689085960388
698,0.27008122205734253
699,0.40327537059783936
700,0.3891756534576416
701,0.1609114408493042
702,0.4107118248939514
703,0.20318067073822021
704,0.42344242334365845
705,0.25888586044311523
706,0.3506664037704468
707,0.35757362842559814
708,0.20666056871414185
709,0.2876564860343933
710,0.3184930086135864
711,0.19342929124832153
712,0.44607704877853394
713,0.26894211769104004
714,0.22097539901733398
715,0.41238224506378174
716,0.3078358769416809
717,0.25299710035324097
718,0.13178175687789917
719,0.12562018632888794
720,0.23952198028564453
721,0.25348663330078125
722,0.20850348472595215
723,0.38256973028182983
724,0.2615348696708679
725,0.38126683235168457
726,0.3905210494995117
727,0.19703435897827148
728,0.3172183036804199
729,0.3352586627006531
730,0.1999368667602539
731,0.2675487995147705
732,0.27944302558898926
733,0.43945157527923584
734,0.2555011510848999
735,0.2160663604736328
736,0.39033323526382446
737,0.3020269274711609
738,0.15753322839736938
739,0.24777603149414062
740,0.17983806133270264
741,0.38417065143585205
742,0.3439352512359619
743,0.20901262760162354
744,0.31852126121520996
745,0.3215845227241516
746,0.261030912399292
747,0.21513628959655762
748,0.13922643661499023
749,0.23667645454406738
750,0.2271263599395752
751,0.402523398399353
752,0.35757482051849365
753,0.3020050525665283
754,0.2938138246536255
755,0.23874914646148682
756,0.3108904957771301
757,0.38293659687042236
758,0.3268221616744995
759,0.34667664766311646
760,0.16793382167816162
761,0.2719317674636841
762,0.33906424045562744
763,0.4812864065170288
764,0.3290848731994629
765,0.21570396423339844
766,0.34562087059020996
767,0.30060577392578125
768,0.2199617624282837
769,0.2265099287033081
770,0.35976314544677734
771,0.3708287477493286
772,0.22083628177642822
773,0.3248783349990845
774,0.2598259449005127
775,0.5603572726249695
776,0.18126845359802246
777,0.3716534376144409
778,0.4707452654838562
779,0.24513500928878784
780,0.3131526708602905
781,0.40116047859191895
782,0.2241506576538086
783,0.17761921882629395
784,0.24951517581939697
785,0.1658797264099121
786,0.217596173286438
787,0.24517059326171875
788,0.21695482730865479
789,0.21534281969070435
790,0.34738707542419434
791,0.2689945101737976
792,0.3985627293586731
793,0.134965717792511
794,0.34229958057403564
795,0.07293963432312012
796,0.1981469988822937
797,0.3741268515586853
798,0.34356915950775146
799,0.16660690307617188
800,0.457444429397583
801,0.15987277030944824
802,0.47974687814712524
803,0.14022445678710938
804,0.2772851586341858
805,0.34547948837280273
806,0.3301365375518799
807,0.2919731140136719
808,0.248124361038208
809,0.34918123483657837
810,0.24681967496871948
811,0.21587717533111572
812,0.3377969264984131
813,0.2791890501976013
814,0.43453431129455566
815,0.20942193269729614
816,0.2802060842514038
817,0.11740291118621826
818,0.17394280433654785
819,0.3036782741546631
820,0.1670345664024353
821,0.3084908723831177
822,0.18863987922668457
823,0.5850692987442017
824,0.24483001232147217
825,0.19625341892242432
826,0.35709595680236816
827,0.21167659759521484
828,0.2564448118209839
829,0.22983455657958984
830,0.41817355155944824
831,0.36636054515838623
832,0.28315091133117676
833,0.248529851436615
834,0.23380446434020996
835,0.27100372314453125
836,0.24767792224884033
837,0.2698782682418823
838,0.38439100980758667
839,0.3036855459213257
840,0.3552716374397278
841,0.1883733868598938
842,0.22456318140029907
843,0.29321950674057007
844,0.1329803466796875
845,0.23334121704101562
846,0.42877471446990967
847,0.2495627999305725
848,0.13282722234725952
849,0.3933528661727905
850,0.21420717239379883
851,0.19613724946975708
852,0.21505701541900635
853,0.25526678562164307
854,0.4340322017669678
855,0.378023624420166
856,0.35528695583343506
857,0.40418750047683716
858,0.3162360191345215
859,0.2901754379272461
860,0.405403733253479
861,0.28659510612487793
862,0.3356512784957886
863,0.09822994470596313
864,0.3669862151145935
865,0.29292893409729004
866,0.3155285120010376
867,0.14675074815750122
868,0.3132784366607666
869,0.13204967975616455
870,0.410245418548584
871,0.3549600839614868
872,0.1827843189239502
873,0.17671442031860352
874,0.17347455024719238
875,0.2796456217765808
876,0.16419917345046997
877,0.34623217582702637
878,0.48534703254699707
879,0.19508343935012817
880,0.1747521162033081
881,0.25637286901474
882,0.32523131370544434
883,0.30883336067199707
884,0.32097452878952026
885,0.13511478900909424
886,0.30571627616882324
887,0.3944416642189026
888,0.14968419075012207
889,0.27242541313171387
890,0.27283215522766113
891,0.3010171055793762
892,0.3855701684951782
893,0.3277052640914917
894,0.27883023023605347
895,0.1865314245223999
896,0.25754112005233765
897,0.1828814148902893
898,0.352236270904541
899,0.44298839569091797
900,0.24435466527938843
901,0.11770755052566528
902,0.35203027725219727
903,0.3265894651412964
904,0.38972747325897217
905,0.3059976100921631
906,0.24389952421188354
907,0.3529224991798401
908,0.24257773160934448
909,0.2622720003128052
910,0.24889051914215088
911,0.3172007203102112
912,0.4331483840942383
913,0.5018988847732544
914,0.144744873046875
915,0.17549455165863037
916,0.2663823366165161
917,0.14625847339630127
918,0.3302290439605713
919,0.27075648307800293
920,0.09194815158843994
921,0.2714694142341614
922,0.2810589075088501
923,0.13347089290618896
924,0.3912509083747864
925,0.3497246503829956
926,0.3320009708404541
927,0.2080504298210144
928,0.27574098110198975
929,0.19492751359939575
930,0.23493289947509766
931,0.22078663110733032
932,0.2082725167274475
933,0.2520315647125244
934,0.16099894046783447
935,0.3440355062484741
936,0.2472463846206665
937,0.23836100101470947
938,0.2670835256576538
939,0.3769322633743286
940,0.2491917610168457
941,0.275684118270874
942,0.14205819368362427
943,0.24792909622192383
944,0.18326735496520996
945,0.40266865491867065
946,0.18741261959075928
947,0.3914782404899597
948,0.283319354057312
949,0.3065986633300781
950,0.26189088821411133
951,0.2623286843299866
952,0.27372992038726807
953,0.23095017671585083
954,0.424829363822937
955,0.3130649924278259
956,0.2961479425430298
957,0.14987844228744507
958,0.28485924005508423
959,0.39504265785217285
960,0.2996906042098999
961,0.4122360944747925
962,0.24051165580749512
963,0.3808485269546509
964,0.22815674543380737
965,0.3822885751724243
966,0.3222286105155945
967,0.25846803188323975
968,0.1927165389060974
969,0.220070481300354
970,0.24273300170898438
971,0.2130441665649414
972,0.32973718643188477
973,0.2086116075515747
974,0.18371790647506714
975,0.29985982179641724
976,0.33679717779159546
977,0.2784159183502197
978,0.31149613857269287
979,0.16967910528182983
980,0.38609880208969116
981,0.10889875888824463
982,0.29984796047210693
983,0.43214744329452515
984,0.3734712600708008
985,0.22963690757751465
986,0.20289969444274902
987,0.3824872374534607
988,0.31400465965270996
989,0.2467503547668457
990,0.4033379554748535
991,0.13364022970199585
992,0.08824324607849121
993,0.11273014545440674
994,0.2963676452636719
995,0.287117600440979
996,0.29709935188293457
997,0.11613798141479492
998,0.4229113459587097
999,0.2546924352645874
1000,0.2092495560646057
1001,0.29804885387420654
1002,0.27417075634002686
1003,0.20189082622528076
1004,0.19470906257629395
1005,0.26063090562820435
1006,0.1258680820465088
1007,0.2642960548400879
1008,0.2806909680366516
1009,0.11991345882415771
1010,0.3793766498565674
1011,0.29561734199523926
1012,0.2974121570587158
1013,0.2984778881072998
1014,0.20276331901550293
1015,0.16331243515014648
1016,0.2707775831222534
1017,0.385532021522522
1018,0.38181954622268677
1019,0.1697239875793457
1020,0.29871809482574463
1021,0.09741652011871338
1022,0.34695738554000854
1023,0.36866915225982666
1024,0.2593766450881958
1025,0.31634771823883057
1026,0.17614197731018066
1027,0.29266446828842163
1028,0.4551730155944824
1029,0.4227251410484314
1030,0.21637141704559326
1031,0.38301002979278564
1032,0.3316706418991089
1033,0.32078832387924194
1034,0.32648783922195435
1035,0.309006929397583
1036,0.24936175346374512
1037,0.15008199214935303
1038,0.35433506965637207
1039,0.2689627408981323
1040,0.3085363507270813
1041,0.32881128787994385
1042,0.21475017070770264
1043,0.37172847986221313
1044,0.22997325658798218
1045,0.2851780652999878
1046,0.28596627712249756
1047,0.293529212474823
1048,0.3489872217178345
1049,0.21625268459320068
1050,0.6390332281589508
1051,0.25217461585998535
1052,0.29994654655456543
1053,0.20962584018707275
1054,0.2648245096206665
1055,0.17837154865264893
1056,0.21615386009216309
1057,0.22888457775115967
1058,0.28330081701278687
1059,0.2671286463737488
1060,0.4082709550857544
1061,0.27553677558898926
1062,0.27772998809814453
1063,0.23917555809020996
1064,0.23987585306167603
1065,0.2676183581352234
1066,0.2471780776977539
1067,0.2168649435043335
1068,0.21225965023040771
1069,0.1091693639755249
1070,0.32454246282577515
1071,0.34319400787353516
1072,0.3344042897224426
1073,0.3487952947616577
1074,0.21106493473052979
1075,0.2698422074317932
1076,0.33464938402175903
1077,0.37632977962493896
1078,0.25099438428878784
1079,0.2664947509765625
1080,0.42984628677368164
1081,0.23958110809326172
1082,0.2538743019104004
1083,0.23604869842529297
1084,0.2302793264389038
1085,0.225724458694458
1086,0.32621151208877563
1087,0.33816635608673096
1088,0.2914169430732727
1089,0.2784818410873413
1090,0.3249013423919678
1091,0.46921950578689575
1092,0.24199903011322021
1093,0.27578890323638916
1094,0.21626585721969604
1095,0.37536120414733887
1096,0.2799801826477051
1097,0.3392174243927002
1098,0.28960585594177246
1099,0.261496901512146
1100,0.1830313801765442
1101,0.1494070291519165
1102,0.22885847091674805
1103,0.2420749068260193
1104,0.2820981740951538
1105,0.18664997816085815
1106,0.3307526707649231
1107,0.24974799156188965
1108,0.22050023078918457
1109,0.3438382148742676
1110,0.396431565284729
1111,0.2319687008857727
1112,0.19799816608428955
1113,0.211808979511261
1114,0.15283769369125366
1115,0.42957210540771484
1116,0.14593470096588135
1117,0.15451037883758545
1118,0.08408522605895996
1119,0.22009950876235962
1120,0.23949629068374634
1121,0.20215582847595215
1122,0.2525289058685303
1123,0.23781245946884155
1124,0.28182482719421387
1125,0.24702858924865723
1126,0.21847331523895264
1127,0.25651538372039795
1128,0.36726534366607666
1129,0.20196819305419922
1130,0.14411604404449463
1131,0.2945518493652344
1132,0.10152703523635864
1133,0.2335832715034485
1134,0.31162071228027344
1135,0.39798951148986816
1136,0.29507315158843994
1137,0.13056504726409912
1138,0.3442584276199341
1139,0.4145955443382263
1140,0.2552924156188965
1141,0.33849281072616577
1142,0.19502389430999756
1143,0.25218164920806885
1144,0.2491636872291565
1145,0.19307905435562134
1146,0.1621321439743042
1147,0.3775354027748108
1148,0.27520543336868286
1149,0.26902711391448975
1150,0.2695300579071045
1151,0.18583357334136963
1152,0.2880546450614929
1153,0.15264618396759033
1154,0.2625436782836914
1155,0.298903226852417
1156,0.22681963443756104
1157,0.16111111640930176
1158,0.2274620532989502
1159,0.41280192136764526
1160,0.45164430141448975
1161,0.29316216707229614
1162,0.15833604335784912
1163,0.21670329570770264
1164,0.3999016284942627
1165,0.3417619466781616
1166,0.28390467166900635
1167,0.3035130500793457
1168,0.29694944620132446
1169,0.3131718635559082
1170,0.29590916633605957
1171,0.3716496229171753
1172,0.38566040992736816
1173,0.3067951202392578
1174,0.2852468490600586
1175,0.3652645945549011
1176,0.2636032700538635
1177,0.3190312385559082
1178,0.2314164638519287
1179,0.14056885242462158
1180,0.1841793656349182
1181,0.2986888885498047
1182,0.33175933361053467
1183,0.23861241340637207
1184,0.20184087753295898
1185,0.2413409948348999
1186,0.1961386799812317
1187,0.13431978225708008
1188,0.3445889353752136
1189,0.42043644189834595
1190,0.26636481285095215
1191,0.46387070417404175
1192,0.24612879753112793
1193,0.21853607892990112
1194,0.1705704927444458
1195,0.2577759027481079
1196,0.2877318859100342
1197,0.24543464183807373
1198,0.32268524169921875
1199,0.28971004486083984
1200,0.3507106304168701
1201,0.2716250419616699
1202,0.26530921459198
1203,0.26510727405548096
1204,0.24546313285827637
1205,0.20168161392211914
1206,0.4293022155761719
1207,0.2175973653793335
1208,0.4171035885810852
1209,0.29954731464385986
1210,0.3117934465408325
1211,0.19357651472091675
1212,0.22010910511016846
1213,0.15067720413208008
1214,0.1740715503692627
1215,0.29454582929611206
1216,0.3300309181213379
1217,0.21352458000183105
1218,0.27865350246429443
1219,0.27016371488571167
1220,0.4024491310119629
1221,0.38895076513290405
1222,0.28662264347076416
1223,0.2467285394668579
1224,0.2522013187408447
1225,0.24143970012664795
1226,0.3643234968185425
1227,0.3108818531036377
1228,0.40083926916122437
1229,0.1206740140914917
1230,0.27374184131622314
1231,0.22875767946243286
1232,0.3503798246383667
1233,0.36307793855667114
1234,0.3042137622833252
1235,0.2929495573043823
1236,0.24921733140945435
1237,0.40945595502853394
1238,0.3580555319786072
1239,0.13964253664016724
1240,0.3554180860519409
1241,0.20893597602844238
1242,0.17771100997924805
1243,0.3352110981941223
1244,0.24631816148757935
1245,0.21035444736480713
1246,0.20003831386566162
1247,0.26054418087005615
1248,0.31485748291015625
1249,0.2561415433883667
1250,0.2406635880470276
1251,0.14623397588729858
1252,0.121815025806427
1253,0.31160926818847656
1254,0.35554420948028564
1255,0.3112626075744629
1256,0.29897284507751465
1257,0.3057108521461487
1258,0.34091413021087646
1259,0.37534356117248535
1260,0.26155972480773926
1261,0.401936411857605
1262,0.22667908668518066
1263,0.17399001121520996
1264,0.2675386667251587
1265,0.35458803176879883
1266,0.3095501661300659
1267,0.36627286672592163
1268,0.370680570602417
1269,0.15046000480651855
1270,0.2806652784347534
1271,0.21091461181640625
1272,0.18152916431427002
1273,0.246171236038208
1274,0.3875420093536377
1275,0.2629278898239136
1276,0.309429407119751
1277,0.2954666018486023
1278,0.3566858172416687
1279,0.41483521461486816
1280,0.26126372814178467
1281,0.2816150188446045
1282,0.4069998264312744
1283,0.29580259323120117
1284,0.14342665672302246
1285,0.408655047416687
1286,0.2997046709060669
1287,0.26309680938720703
1288,0.3919874429702759
1289,0.1970463991165161
1290,0.15589392185211182
1291,0.40855872631073
1292,0.283014178276062
1293,0.3029688596725464
1294,0.2842456102371216
1295,0.12291014194488525
1296,0.22642731666564941
1297,0.23972010612487793
1298,0.415427565574646
1299,0.21419036388397217
1300,0.1524791121482849
1301,0.272533655166626
1302,0.15910959243774414
1303,0.23573577404022217
1304,0.39090633392333984
1305,0.19064170122146606
1306,0.37684738636016846
1307,0.10652858018875122
1308,0.22704076766967773
1309,0.3513525128364563
1310,0.18542933464050293
1311,0.1794346570968628
1312,0.29115110635757446
1313,0.1111612319946289
1314,0.2570952773094177
1315,0.16390258073806763
1316,0.32503461837768555
1317,0.23516380786895752
1318,0.40667814016342163
1319,0.2911067605018616
1320,0.28357672691345215
1321,0.22171908617019653
1322,0.16495561599731445
1323,0.27713102102279663
1324,0.282393217086792
1325,0.2530912160873413
1326,0.368893027305603
1327,0.26388031244277954
1328,0.2548314332962036
1329,0.1862468719482422
1330,0.10974955558776855
1331,0.18087983131408691
1332,0.2654264569282532
1333,0.3082881569862366
1334,0.24904507398605347
1335,0.4520692825317383
1336,0.2500389814376831
1337,0.2927423119544983
1338,0.1756037473678589
1339,0.3206745982170105
1340,0.2425525188446045
1341,0.19783246517181396
1342,0.24807369709014893
1343,0.33180737495422363
1344,0.3135615587234497
1345,0.266750693321228
1346,0.21181738376617432
1347,0.22360479831695557
1348,0.4258118271827698
1349,0.5036146640777588
1350,0.15464162826538086
1351,0.3119211196899414
1352,0.3251243829727173
1353,0.21717298030853271
1354,0.16175878047943115
1355,0.382358193397522
1356,0.36206066608428955
1357,0.37026119232177734
1358,0.35804909467697144
1359,0.27193325757980347
1360,0.1409454345703125
1361,0.2684021592140198
1362,0.3517516851425171
1363,0.3129813075065613
1364,0.29157817363739014
1365,0.26349765062332153
1366,0.2100588083267212
1367,0.23659253120422363
1368,0.3517608642578125
1369,0.4385322332382202
1370,0.22396749258041382
1371,0.12148094177246094
1372,0.2805469036102295
1373,0.27400875091552734
1374,0.26749706268310547
1375,0.26629918813705444
1376,0.322807252407074
1377,0.26531994342803955
1378,0.15013062953948975
1379,0.18593519926071167
1380,0.15871143341064453
1381,0.33652955293655396
1382,0.24470388889312744
1383,0.33361417055130005
1384,0.30421751737594604
1385,0.35468679666519165
1386,0.29874128103256226
1387,0.40861976146698
1388,0.20189154148101807
1389,0.4123554229736328
1390,0.566522479057312
1391,0.1454135775566101
1392,0.16285014152526855
1393,0.20804274082183838
1394,0.2655429244041443
1395,0.14847755432128906
1396,0.3134000301361084
1397,0.0950160026550293
1398,0.2274342179298401
1399,0.27380937337875366
1400,0.3677908182144165
1401,0.19725394248962402
1402,0.37534916400909424
1403,0.23565638065338135
1404,0.4005948305130005
1405,0.27715450525283813
1406,0.18804842233657837
1407,0.26547545194625854
1408,0.3209945559501648
1409,0.17424863576889038
1410,0.2478896975517273
1411,0.1740201711654663
1412,0.2537304162979126
1413,0.3157739043235779
1414,0.2845984697341919
1415,0.26234257221221924
1416,0.22869569063186646
1417,0.2236231565475464
1418,0.40584075450897217
1419,0.4221757650375366
1420,0.26039934158325195
1421,0.3073135018348694
1422,0.2832503914833069
1423,0.16363561153411865
1424,0.3735846281051636
1425,0.3034569025039673
1426,0.44171202182769775
1427,0.34598851203918457
1428,0.31663161516189575
1429,0.3792533874511719
1430,0.3308027982711792
1431,0.3495199680328369
1432,0.32587242126464844
1433,0.3218691349029541
1434,0.1989327073097229
1435,0.3450978994369507
1436,0.22163641452789307
1437,0.1488695740699768
1438,0.43418967723846436
1439,0.26444578170776367
1440,0.3124879002571106
1441,0.3011372685432434
1442,0.3070993423461914
1443,0.15661543607711792
1444,0.155767023563385
1445,0.2064896821975708
1446,0.33288657665252686
1447,0.26351022720336914
1448,0.1936904788017273
1449,0.19702112674713135
1450,0.21913307905197144
1451,0.1498856544494629
1452,0.3014512062072754
1453,0.20754802227020264
1454,0.1632857322692871
1455,0.2240440845489502
1456,0.32378870248794556
1457,0.21156275272369385
1458,0.30235755443573
1459,0.11767929792404175
1460,0.3678727149963379
1461,0.45602941513061523
1462,0.3378112316131592
1463,0.24455177783966064
1464,0.35937291383743286
1465,0.33862823247909546
1466,0.12700867652893066
1467,0.21612286567687988
1468,0.2798383831977844
1469,0.4003891944885254
1470,0.16406941413879395
1471,0.29802942276000977
1472,0.29482460021972656
1473,0.26909905672073364
1474,0.2712818384170532
1475,0.15829211473464966
1476,0.3109787702560425
1477,0.42536449432373047
1478,0.40606045722961426
1479,0.3271331191062927
1480,0.2853274345397949
1481,0.18824076652526855
1482,0.3183610439300537
1483,0.252358078956604
1484,0.2024552822113037
1485,0.23265904188156128
1486,0.3378995656967163
1487,0.25312793254852295
1488,0.16026699542999268
1489,0.2070375680923462
1490,0.35096120834350586
1491,0.5206908583641052
1492,0.3580859899520874
1493,0.2791728377342224
1494,0.3550940752029419
1495,0.23756110668182373
1496,0.22227883338928223
1497,0.4171455502510071
1498,0.3783971071243286
1499,0.35852575302124023
1500,0.2979751229286194
1501,0.35810911655426025
1502,0.3075491786003113
1503,0.37060463428497314
1504,0.21744364500045776
1505,0.36424803733825684
1506,0.14069437980651855
1507,0.3533002734184265
1508,0.3212939500808716
1509,0.235062837600708
1510,0.27678877115249634
1511,0.37940317392349243
1512,0.17251288890838623
1513,0.23697060346603394
1514,0.478023886680603
1515,0.32611846923828125
1516,0.32969385385513306
1517,0.30706048011779785
1518,0.13906586170196533
1519,0.11976468563079834
1520,0.19990527629852295
1521,0.27264297008514404
1522,0.09703463315963745
1523,0.14356684684753418
1524,0.15344393253326416
1525,0.285824179649353
1526,0.11676943302154541
1527,0.1592608094215393
1528,0.34500187635421753
1529,0.3151983618736267
1530,0.29335737228393555
1531,0.18010026216506958
1532,0.5560880899429321
1533,0.3065077066421509
1534,0.42925071716308594
1535,0.21689260005950928
1536,0.17920023202896118
1537,0.4131348133087158
1538,0.2341146469116211
1539,0.36159366369247437
1540,0.1905299425125122
1541,0.35876262187957764
1542,0.28206586837768555
1543,0.20839881896972656
1544,0.2919161319732666
1545,0.2116592526435852
1546,0.28454363346099854
1547,0.25231027603149414
1548,0.2641921639442444
1549,0.2118774652481079
1550,0.3158397078514099
1551,0.4355354309082031
1552,0.21143686771392822
1553,0.2952841520309448
1554,0.19241207838058472
1555,0.26007241010665894
1556,0.23832476139068604
1557,0.15315008163452148
1558,0.30294299125671387
1559,0.26685070991516113
1560,0.49968481063842773
1561,0.2138621211051941
1562,0.36642205715179443
1563,0.19185751676559448
1564,0.1519455909729004
1565,0.17968297004699707
1566,0.28027260303497314
1567,0.3889482021331787
1568,0.2586755156517029
1569,0.23393893241882324
1570,0.2611055374145508
1571,0.200714111328125
1572,0.22371602058410645
1573,0.29469335079193115
1574,0.27892160415649414
1575,0.2577286958694458
1576,0.2737496495246887
1577,0.45676374435424805
1578,0.40313631296157837
1579,0.13983237743377686
1580,0.14327764511108398
1581,0.25306451320648193
1582,0.24390435218811035
1583,0.36665940284729004
1584,0.3335493206977844
1585,0.352761447429657
1586,0.17667949199676514
1587,0.2540874481201172
1588,0.2688412666320801
1589,0.13934630155563354
1590,0.1864640712738037
1591,0.4087589979171753
1592,0.44965827465057373
1593,0.22941941022872925
1594,0.22421562671661377
1595,0.27839064598083496
1596,0.290963351726532
1597,0.2357180118560791
1598,0.4249168038368225
1599,0.29038429260253906
1600,0.27657878398895264
1601,0.35828763246536255
1602,0.1794477105140686
1603,0.40794849395751953
1604,0.3493316173553467
1605,0.23259907960891724
1606,0.20511305332183838
1607,0.30520153045654297
1608,0.28437507152557373
1609,0.3292886018753052
1610,0.18364298343658447
1611,0.2928358316421509
1612,0.3103548288345337
1613,0.05185812711715698
1614,0.2276797890663147
1615,0.2987033724784851
1616,0.20329785346984863
1617,0.28228139877319336
1618,0.4231211543083191
1619,0.29506635665893555
1620,0.2619892358779907
1621,0.22544246912002563
1622,0.21520757675170898
1623,0.1424769163131714
1624,0.3497851490974426
1625,0.40024685859680176
1626,0.3047218322753906
1627,0.3312376141548157
1628,0.26998478174209595
1629,0.093994140625
1630,0.2513682246208191
1631,0.15419423580169678
1632,0.27651071548461914
1633,0.14101272821426392
1634,0.21299374103546143
1635,0.22414326667785645
1636,0.2199457883834839
1637,0.40720582008361816
1638,0.1771741509437561
1639,0.2971692681312561
1640,0.18290221691131592
1641,0.4166676998138428
1642,0.22614765167236328
1643,0.21304380893707275
1644,0.3239266276359558
1645,0.41330158710479736
1646,0.3233757019042969
1647,0.2289348840713501
1648,0.24223220348358154
1649,0.1881258487701416
1650,0.4268473982810974
1651,0.13880693912506104
1652,0.09816551208496094
1653,0.39840269088745117
1654,0.44063788652420044
1655,0.2214667797088623
1656,0.3681678771972656
1657,0.3517623543739319
1658,0.19311857223510742
1659,0.23958653211593628
1660,0.21016180515289307
1661,0.4004706144332886
1662,0.20566296577453613
1663,0.40821659564971924
1664,0.2559090852737427
1665,0.33646833896636963
1666,0.3016526699066162
1667,0.12584763765335083
1668,0.2942619323730469
1669,0.3076949715614319
1670,0.2673189640045166
1671,0.30451756715774536
1672,0.3552960753440857
1673,0.11620199680328369
1674,0.4035152792930603
1675,0.49740123748779297
1676,0.2410535216331482
1677,0.22494268417358398
1678,0.4325754642486572
1679,0.30201494693756104
1680,0.44589710235595703
1681,0.35604995489120483
1682,0.3813537359237671
1683,0.23184537887573242
1684,0.19718468189239502
1685,0.2880373001098633
1686,0.2586827278137207
1687,0.16933339834213257
1688,0.35491061210632324
1689,0.33838528394699097
1690,0.4918297529220581
1691,0.2880834937095642
1692,0.4414660930633545
1693,0.2987033724784851
1694,0.0932278037071228
1695,0.40203285217285156
1696,0.35156989097595215
1697,0.17060989141464233
1698,0.2575222849845886
1699,0.23426038026809692
1700,0.11631715297698975
1701,0.3717647194862366
1702,0.2695654630661011
1703,0.15650522708892822
1704,0.2006140947341919
1705,0.49204546213150024
1706,0.22217577695846558
1707,0.1751924753189087
1708,0.31299954652786255
1709,0.3166494369506836
1710,0.1917622685432434
1711,0.3460659980773926
1712,0.3813621401786804
1713,0.25027984380722046
1714,0.25657033920288086
1715,0.1852521300315857
1716,0.2502394914627075
1717,0.261460542678833
1718,0.35586440563201904
1719,0.22088640928268433
1720,0.3937181234359741
1721,0.2527960538864136
1722,0.26972872018814087
1723,0.3150674104690552
1724,0.14130103588104248
1725,0.3136601448059082
1726,0.13117414712905884
1727,0.2846915125846863
1728,0.25270670652389526
1729,0.2889109253883362
1730,0.2756774425506592
1731,0.2898836135864258
1732,0.4351142644882202
1733,0.3565371036529541
1734,0.23899400234222412
1735,0.2717996835708618
1736,0.21669209003448486
1737,0.15765297412872314
1738,0.19711589813232422
1739,0.3136146068572998
1740,0.1924210786819458
1741,0.13737785816192627
1742,0.17898672819137573
1743,0.2368239164352417
1744,0.3017662763595581
1745,0.25584203004837036
1746,0.20292842388153076
1747,0.29150038957595825
1748,0.23507583141326904
1749,0.1881229281425476
1750,0.1394423246383667
1751,0.2479851245880127
1752,0.20449161529541016
1753,0.2599468231201172
1754,0.2448287010192871
1755,0.38006699085235596
1756,0.2542029023170471
1757,0.25600874423980713
1758,0.2910662889480591
1759,0.2511776089668274
1760,0.14423775672912598
1761,0.3980058431625366
1762,0.44388633966445923
1763,0.2506450414657593
1764,0.2768098711967468
1765,0.2923819422721863
1766,0.36475110054016113
1767,0.15989726781845093
1768,0.2837700843811035
1769,0.31769758462905884
1770,0.3213537931442261
1771,0.3290087580680847
1772,0.4556732773780823
1773,0.43511271476745605
1774,0.184542715549469
1775,0.19160902500152588
1776,0.1305330991744995
1777,0.30714136362075806
1778,0.2935619354248047
1779,0.31587541103363037
1780,0.33271729946136475
1781,0.3816872835159302
1782,0.32522469758987427
1783,0.4109468460083008
1784,0.16897904872894287
1785,0.32595956325531006
1786,0.1889287233352661
1787,0.2541632652282715
1788,0.2210608720779419
1789,0.4179500341415405
1790,0.21031177043914795
1791,0.36176973581314087
1792,0.24255657196044922
1793,0.07368826866149902
1794,0.29719728231430054
1795,0.35828232765197754
1796,0.3273829221725464
1797,0.17707163095474243
1798,0.2978256344795227
1799,0.24898946285247803
1800,0.20210528373718262
1801,0.2915365695953369
1802,0.2875252366065979
1803,0.45716506242752075
1804,0.1681714653968811
1805,0.3989969491958618
1806,0.1389561891555786
1807,0.35396021604537964
1808,0.28959691524505615
1809,0.24900579452514648
1810,0.1278136968612671
1811,0.2874654531478882
1812,0.2949308156967163
1813,0.4101763963699341
1814,0.17410004138946533
1815,0.43751001358032227
1816,0.3455730080604553
1817,0.2704012393951416
1818,0.19261717796325684
1819,0.1005200743675232
1820,0.33380305767059326
1821,0.413699746131897
1822,0.4103180170059204
1823,0.3922572731971741
1824,0.22884535789489746
1825,0.3003755807876587
1826,0.3892555236816406
1827,0.1873570680618286
1828,0.24797475337982178
1829,0.2870171070098877
1830,0.22602128982543945
1831,0.303192138671875
1832,0.346055269241333
1833,0.06887155771255493
1834,0.2993980646133423
1835,0.2283179759979248
1836,0.22792422771453857
1837,0.11862349510192871
1838,0.22232586145401
1839,0.207358717918396
1840,0.12572503089904785
1841,0.17743229866027832
1842,0.14014220237731934
1843,0.21563857793807983
1844,0.314433753490448
1845,0.27816593647003174
1846,0.33048689365386963
1847,0.12503588199615479
1848,0.23437273502349854
1849,0.16498219966888428
1850,0.15596669912338257
1851,0.21790289878845215
1852,0.3120400905609131
1853,0.2916637659072876
1854,0.2863926291465759
1855,0.35070502758026123
1856,0.23678600788116455
1857,0.25595623254776
1858,0.2420957088470459
1859,0.23068177700042725
1860,0.21737003326416016
1861,0.13869225978851318
1862,0.32616138458251953
1863,0.3357648253440857
1864,0.19658148288726807
1865,0.35872936248779297
1866,0.30927205085754395
1867,0.4079287052154541
1868,0.15895026922225952
1869,0.2967381477355957
1870,0.365683913230896
1871,0.32973647117614746
1872,0.2782480716705322
1873,0.125146746635437
1874,0.47988998889923096
1875,0.18941408395767212
1876,0.12385302782058716
1877,0.21549499034881592
1878,0.2735217809677124
1879,0.13985764980316162
1880,0.22714638710021973
1881,0.43834388256073
1882,0.09191763401031494
1883,0.22904032468795776
1884,0.17669427394866943
1885,0.23601210117340088
1886,0.12663978338241577
1887,0.18709927797317505
1888,0.22536766529083252
1889,0.2779638171195984
1890,0.354419469833374
1891,0.1932286024093628
1892,0.21217501163482666
1893,0.34652483463287354
1894,0.31056487560272217
1895,0.26267683506011963
1896,0.20049059391021729
1897,0.2761164903640747
1898,0.40078192949295044
1899,0.2782536745071411
1900,0.4539409279823303
1901,0.30023908615112305
1902,0.2214859127998352
1903,0.24111688137054443
1904,0.31314873695373535
1905,0.28327417373657227
1906,0.4123135805130005
1907,0.30947375297546387
1908,0.32394373416900635
1909,0.2571927309036255
1910,0.3363887071609497
1911,0.14984524250030518
1912,0.18845617771148682
1913,0.32881641387939453
1914,0.23412859439849854
1915,0.15012526512145996
1916,0.3893711566925049
1917,0.15153682231903076
1918,0.25739526748657227
1919,0.3841465711593628
1920,0.42567890882492065
1921,0.21404361724853516
1922,0.20821106433868408
1923,0.26377904415130615
1924,0.4185328483581543
1925,0.25460487604141235
1926,0.20798814296722412
1927,0.20460569858551025
1928,0.20862066745758057
1929,0.4375486969947815
1930,0.13683784008026123
1931,0.14825940132141113
1932,0.21784687042236328
1933,0.2607346773147583
1934,0.3612825870513916
1935,0.2800305485725403
1936,0.24334478378295898
1937,0.16715681552886963
1938,0.18123722076416016
1939,0.1977824568748474
1940,0.2124137282371521
1941,0.3105199337005615
1942,0.24627268314361572
1943,0.18888968229293823
1944,0.102089524269104
1945,0.40862804651260376
1946,0.19397830963134766
1947,0.10110116004943848
1948,0.24345827102661133
1949,0.23133981227874756
1950,0.43436574935913086
1951,0.2272719144821167
1952,0.253786563873291
1953,0.18364471197128296
1954,0.16783499717712402
1955,0.2602965831756592
1956,0.3702998161315918
1957,0.18536663055419922
1958,0.241036057472229
1959,0.37573206424713135
1960,0.2537029981613159
1961,0.26939475536346436
1962,0.3693423271179199
1963,0.24233484268188477
1964,0.21680879592895508
1965,0.37818634510040283
1966,0.15312254428863525
1967,0.1867450475692749
1968,0.3829697370529175
1969,0.2634618282318115
1970,0.21621811389923096
1971,0.4053083062171936
1972,0.3764728307723999
1973,0.41198110580444336
1974,0.18417006731033325
1975,0.34707391262054443
1976,0.2956022024154663
1977,0.1628507375717163
1978,0.233201265335083
1979,0.3454776406288147
1980,0.33283960819244385
1981,0.34206652641296387
1982,0.3091989755630493
1983,0.27669769525527954
1984,0.26280510425567627
1985,0.2812243103981018
1986,0.3065319061279297
1987,0.2754250764846802
1988,0.32118499279022217
1989,0.3485868573188782
1990,0.40309107303619385
1991,0.3510783910751343
1992,0.25127851963043213
1993,0.16673707962036133
1994,0.41820985078811646
1995,0.26266270875930786
1996,0.20267033576965332
1997,0.3235669732093811
1998,0.18863552808761597
1999,0.16499698162078857
2000,0.25624150037765503
2001,0.2644615173339844
2002,0.35777896642684937
2003,0.20045852661132812
2004,0.16411709785461426
2005,0.2963261008262634
2006,0.1815689206123352
2007,0.1810399293899536
2008,0.21496766805648804
2009,0.17432433366775513
2010,0.22185969352722168
2011,0.21416115760803223
2012,0.2004452347755432
2013,0.329614520072937
2014,0.22431522607803345
2015,0.20647048950195312
2016,0.15701353549957275
2017,0.2270444631576538
2018,0.299177885055542
2019,0.21856260299682617
2020,0.4573240876197815
2021,0.11139291524887085
2022,0.2138044238090515
2023,0.14177346229553223
2024,0.17320024967193604
2025,0.20202124118804932
2026,0.3746645450592041
2027,0.15260076522827148
2028,0.2889310121536255
2029,0.10515809059143066
2030,0.4430462121963501
2031,0.1120920181274414
2032,0.2506682872772217
2033,0.2657296061515808
2034,0.12398242950439453
2035,0.21030771732330322
2036,0.47940677404403687
2037,0.468544602394104
2038,0.355973482131958
2039,0.318472683429718
2040,0.17477524280548096
2041,0.3395233154296875
2042,0.11527937650680542
2043,0.2829324007034302
2044,0.16946053504943848
2045,0.2500731945037842
2046,0.2657468318939209
2047,0.23853731155395508
2048,0.19572222232818604
2049,0.19658493995666504
2050,0.3453904390335083
2051,0.3060494065284729
2052,0.29522454738616943
2053,0.24163949489593506
2054,0.3842282295227051
2055,0.3478556275367737
2056,0.20717304944992065
2057,0.28373950719833374
2058,0.3820754289627075
2059,0.1493503451347351
2060,0.2458251714706421
2061,0.4482727646827698
2062,0.3590456247329712
2063,0.19030284881591797
2064,0.27581727504730225
2065,0.3077314496040344
2066,0.3581840991973877
2067,0.30462801456451416
2068,0.28661102056503296
2069,0.37513720989227295
2070,0.3143653869628906
2071,0.23425590991973877
2072,0.3176204562187195
2073,0.4330345392227173
2074,0.5587630569934845
2075,0.42926299571990967
2076,0.253963828086853
2077,0.3431573510169983
2078,0.2665836811065674
2079,0.26580286026000977
2080,0.20146983861923218
2081,0.30337661504745483
2082,0.2581777572631836
2083,0.427421510219574
2084,0.07811349630355835
2085,0.31404513120651245
2086,0.24910080432891846
2087,0.39898014068603516
2088,0.22128283977508545
2089,0.31823843717575073
2090,0.25439369678497314
2091,0.2641199827194214
2092,0.19730401039123535
2093,0.45815086364746094
2094,0.21577221155166626
2095,0.4060029983520508
2096,0.2912023067474365
2097,0.19339913129806519
2098,0.16007018089294434
2099,0.3144872784614563
2100,0.31365835666656494
2101,0.23269790410995483
2102,0.30198121070861816
2103,0.2698291540145874
2104,0.46104544401168823
2105,0.2909426689147949
2106,0.3705931305885315
2107,0.0930367112159729
2108,0.1975780725479126
2109,0.13960343599319458
2110,0.2555463910102844
2111,0.2038998007774353
2112,0.2051047682762146
2113,0.3767886161804199
2114,0.256445050239563
2115,0.328177809715271
2116,0.19691729545593262
2117,0.42793136835098267
2118,0.40395665168762207
2119,0.442460298538208
2120,0.16126549243927002
2121,0.2330968976020813
2122,0.2584466338157654
2123,0.3799184560775757
2124,0.3585852384567261
2125,0.2359248399734497
2126,0.31610119342803955
2127,0.22860437631607056
2128,0.3000917434692383
2129,0.33903753757476807
2130,0.1937500238418579
2131,0.26087915897369385
2132,0.23137444257736206
2133,0.3042346239089966
2134,0.44662606716156006
2135,0.27669763565063477
2136,0.4245176911354065
2137,0.24875742197036743
2138,0.283153235912323
2139,0.45590734481811523
2140,0.1804260015487671
2141,0.22792166471481323
2142,0.4944082498550415
2143,0.2228516936302185
2144,0.3838704228401184
2145,0.33358657360076904
2146,0.2790423631668091
2147,0.25125443935394287
2148,0.4562011957168579
2149,0.3006013035774231
2150,0.2607640027999878
2151,0.3596510887145996
2152,0.166026771068573
2153,0.1604018211364746
2154,0.47634822130203247
2155,0.14472997188568115
2156,0.29976820945739746
2157,0.2212311029434204
2158,0.3527768850326538
2159,0.1842360496520996
2160,0.22554445266723633
2161,0.26640647649765015
2162,0.12758004665374756
2163,0.27329766750335693
2164,0.3639378547668457
2165,0.3395012617111206
2166,0.25421059131622314
2167,0.28354549407958984
2168,0.23859691619873047
2169,0.1994166374206543
2170,0.28929734230041504
2171,0.29497241973876953
2172,0.1425943374633789
2173,0.2668132781982422
2174,0.4500941038131714
2175,0.3808760643005371
2176,0.23900747299194336
2177,0.15548980236053467
2178,0.30897223949432373
2179,0.18782013654708862
2180,0.2303294539451599
2181,0.14316916465759277
2182,0.23241150379180908
2183,0.3684380054473877
2184,0.23823505640029907
2185,0.3224775791168213
2186,0.2523456811904907
2187,0.3026859164237976
2188,0.4332939386367798
2189,0.23135817050933838
2190,0.2030414342880249
2191,0.2119840383529663
2192,0.3634260296821594
2193,0.19650447368621826
2194,0.2566167712211609
2195,0.35510653257369995
2196,0.3426291346549988
2197,0.18356740474700928
2198,0.3129315972328186
2199,0.4069232940673828
2200,0.252341091632843
2201,0.1395217776298523
2202,0.38197195529937744
2203,0.10679417848587036
2204,0.167915940284729
2205,0.1858925223350525
2206,0.16487348079681396
2207,0.30611419677734375
2208,0.27371716499328613
2209,0.24272096157073975
2210,0.2693348526954651
2211,0.32643890380859375
2212,0.33479952812194824
2213,0.09581267833709717
2214,0.31749427318573
2215,0.1832066774368286
2216,0.3110503554344177
2217,0.4475269317626953
2218,0.20939815044403076
2219,0.25437188148498535
2220,0.19884097576141357
2221,0.23573541641235352
2222,0.1821993589401245
2223,0.3367898464202881
2224,0.3460947275161743
2225,0.2767605185508728
2226,0.1599898338317871
2227,0.20356225967407227
2228,0.3083093762397766
2229,0.09991168975830078
2230,0.12870168685913086
2231,0.3201202154159546
2232,0.242900550365448
2233,0.19254571199417114
2234,0.2555732727050781
2235,0.3081429600715637
2236,0.2533740997314453
2237,0.21054327487945557
2238,0.3505323529243469
2239,0.1794559359550476
2240,0.19820356369018555
2241,0.4435385465621948
2242,0.13620471954345703
2243,0.38622623682022095
2244,0.3034743070602417
2245,0.22355616092681885
2246,0.29723793268203735
2247,0.3617761731147766
2248,0.24981248378753662
2249,0.193423330783844
2250,0.13924795389175415
2251,0.3570994734764099
2252,0.2291630506515503
2253,0.2994954586029053
2254,0.2838127613067627
2255,0.32695889472961426
2256,0.2253209352493286
2257,0.31164026260375977
2258,0.2154620885848999
2259,0.18408453464508057
2260,0.2206817865371704
2261,0.2410961389541626
2262,0.1636202335357666
2263,0.11974835395812988
2264,0.42709553241729736
2265,0.21078592538833618
2266,0.38557326793670654
2267,0.2298702597618103
2268,0.21727633476257324
2269,0.3616509437561035
2270,0.20405471324920654
2271,0.35504400730133057
2272,0.1347588300704956
2273,0.41171741485595703
2274,0.30264216661453247
2275,0.25031018257141113
2276,0.29441261291503906
2277,0.35769593715667725
2278,0.458615779876709
2279,0.10855317115783691
2280,0.2882828712463379
2281,0.47251445055007935
2282,0.11957299709320068
2283,0.25169068574905396
2284,0.009014606475830078
2285,0.32838553190231323
2286,0.21177947521209717
2287,0.35971546173095703
2288,0.37368273735046387
2289,0.28035056591033936
2290,0.27824872732162476
2291,0.22203320264816284
2292,0.20514380931854248
2293,0.36658358573913574
2294,0.24935728311538696
2295,0.17037642002105713
2296,0.1978902816772461
2297,0.1826685070991516
2298,0.3412196636199951
2299,0.2212715744972229
2300,0.2143082618713379
2301,0.2514342665672302
2302,0.27793681621551514
2303,0.2729310989379883
2304,0.18192017078399658
2305,0.4454202651977539
2306,0.28890734910964966
2307,0.3560561537742615
2308,0.1615612506866455
2309,0.3701716661453247
2310,0.5126920640468597
2311,0.25844359397888184
2312,0.25463783740997314
2313,0.12456929683685303
2314,0.2290818691253662
2315,0.26823627948760986
2316,0.31972193717956543
2317,0.128587007522583
2318,0.3298964500427246
2319,0.2459733486175537
2320,0.2132045030593872
2321,0.27321648597717285
2322,0.2201162576675415
2323,0.293198823928833
2324,0.2965421676635742
2325,0.1173410415649414
2326,0.35308146476745605
2327,0.23735660314559937
2328,0.33350086212158203
2329,0.39435189962387085
2330,0.24213272333145142
2331,0.11871832609176636
2332,0.40771013498306274
2333,0.20059150457382202
2334,0.2501657009124756
2335,0.3598036766052246
2336,0.24748659133911133
2337,0.32269495725631714
2338,0.28510284423828125
2339,0.27433890104293823
2340,0.27154505252838135
2341,0.3536454439163208
2342,0.24887168407440186
2343,0.10436201095581055
2344,0.28152036666870117
2345,0.24727797508239746
2346,0.1795353889465332
2347,0.21926552057266235
2348,0.11834865808486938
2349,0.1978834867477417
2350,0.3362414836883545
2351,0.10542488098144531
2352,0.2732431888580322
2353,0.246002197265625
2354,0.2667638063430786
2355,0.2646467685699463
2356,0.13319408893585205
2357,0.3104257583618164
2358,0.3871116638183594
2359,0.4027395248413086
2360,0.16748201847076416
2361,0.3830251693725586
2362,0.14370638132095337
2363,0.2972267270088196
2364,0.11589032411575317
2365,0.19624918699264526
2366,0.20239806175231934
2367,0.128790020942688
2368,0.15686190128326416
2369,0.3297416567802429
2370,0.13040149211883545
2371,0.28767716884613037
2372,0.22200560569763184
2373,0.19272953271865845
2374,0.3059040307998657
2375,0.31387174129486084
2376,0.13708829879760742
2377,0.14654242992401123
2378,0.34917116165161133
2379,0.40655332803726196
2380,0.1815398931503296
2381,0.28257131576538086
2382,0.2811160683631897
2383,0.18129795789718628
2384,0.22728633880615234
2385,0.3660709261894226
2386,0.35815656185150146
2387,0.3776584267616272
2388,0.3267390727996826
2389,0.25652962923049927
2390,0.22073376178741455
2391,0.1322445273399353
2392,0.2656285762786865
2393,0.28499656915664673
2394,0.20170778036117554
2395,0.17129004001617432
2396,0.25794345140457153
2397,0.16981422901153564
2398,0.2416941523551941
2399,0.37838220596313477
2400,0.36929523944854736
2401,0.46882838010787964
2402,0.27308833599090576
2403,0.2241908311843872
2404,0.21711623668670654
2405,0.3691064715385437
2406,0.37388378381729126
2407,0.2605125904083252
2408,0.35040491819381714
2409,0.1945561170578003
2410,0.09505176544189453
2411,0.1854897141456604
2412,0.27009332180023193
2413,0.2482532262802124
2414,0.19595670700073242
2415,0.3014408349990845
2416,0.3144228458404541
2417,0.11506927013397217
2418,0.31883108615875244
2419,0.16771864891052246
2420,0.2801923155784607
2421,0.3439038395881653
2422,0.3113248348236084
2423,0.29295670986175537
2424,0.18683350086212158
2425,0.2833775281906128
2426,0.32442110776901245
2427,0.23316490650177002
2428,0.25178635120391846
2429,0.33343052864074707
2430,0.2955765128135681
2431,0.48512786626815796
2432,0.2088567018508911
2433,0.25697171688079834
2434,0.18584740161895752
2435,0.3538762331008911
2436,0.3961249589920044
2437,0.3476142883300781
2438,0.29577261209487915
2439,0.1806354522705078
2440,0.19912588596343994
2441,0.18562889099121094
2442,0.1942843198776245
2443,0.23181939125061035
2444,0.12413305044174194
2445,0.3509969115257263
2446,0.34482288360595703
2447,0.3700050115585327
2448,0.31517577171325684
2449,0.18406003713607788
2450,0.246954083442688
2451,0.30584800243377686
2452,0.3049581050872803
2453,0.10400313138961792
2454,0.25388944149017334
2455,0.35805845260620117
2456,0.23239761590957642
2457,0.19264334440231323
2458,0.31117331981658936
2459,0.3181794285774231
2460,0.2251737117767334
2461,0.3114287257194519
2462,0.26137691736221313
2463,0.33460700511932373
2464,0.2931196093559265
2465,0.09049427509307861
2466,0.14590781927108765
2467,0.3105134963989258
2468,0.18528199195861816
2469,0.30685269832611084
2470,0.14023327827453613
2471,0.42289942502975464
2472,0.46104156970977783
2473,0.12272047996520996
2474,0.16486895084381104
2475,0.28653573989868164
2476,0.18211090564727783
2477,0.2754164934158325
2478,0.2430490255355835
2479,0.36818134784698486
2480,0.2551051378250122
2481,0.40097498893737793
2482,0.3656885027885437
2483,0.2449268102645874
2484,0.27263230085372925
2485,0.2244669795036316
2486,0.20340758562088013
2487,0.14294886589050293
2488,0.07383537292480469
2489,0.27622050046920776
2490,0.2138434648513794
2491,0.20087003707885742
2492,0.20413708686828613
2493,0.2250216007232666
2494,0.36628806591033936
2495,0.38323158025741577
2496,0.14151346683502197
2497,0.21889054775238037
2498,0.21983850002288818
2499,0.32318198680877686
2500,0.32683539390563965
2501,0.3551778197288513
2502,0.24637603759765625
2503,0.2693406939506531
2504,0.35608088970184326
2505,0.26917964220046997
2506,0.29033124446868896
2507,0.34064173698425293
2508,0.1685565710067749
2509,0.15321409702301025
2510,0.2374752163887024
2511,0.31884628534317017
2512,0.3005005717277527
2513,0.33191394805908203
2514,0.27834880352020264
2515,0.27248436212539673
2516,0.2995680570602417
2517,0.25594043731689453
2518,0.2964591383934021
2519,0.23739147186279297
2520,0.21000617742538452
2521,0.3110647201538086
2522,0.3785831928253174
2523,0.3808772563934326
2524,0.19503098726272583
2525,0.2377833127975464
2526,0.30590784549713135
2527,0.3735906481742859
2528,0.3647955060005188
2529,0.2899479866027832
2530,0.2694055438041687
2531,0.31214451789855957
2532,0.2212824821472168
2533,0.11754238605499268
2534,0.21279144287109375
2535,0.2584807872772217
2536,0.31657159328460693
2537,0.17938482761383057
2538,0.2562800645828247
2539,0.27519094944000244
2540,0.24938488006591797
2541,0.12902438640594482
2542,0.3620644807815552
2543,0.36312949657440186
2544,0.13797736167907715
2545,0.16894423961639404
2546,0.12871086597442627
2547,0.1672113537788391
2548,0.3474404811859131
2549,0.3708656430244446
2550,0.34767043590545654
2551,0.29092228412628174
2552,0.2817174196243286
2553,0.1861121654510498
2554,0.2811368703842163
2555,0.21930551528930664
2556,0.19866514205932617
2557,0.3164541721343994
2558,0.25952744483947754
2559,0.1425936222076416
2560,0.23100674152374268
2561,0.42204827070236206
2562,0.3394477367401123
2563,0.39404237270355225
2564,0.3447716236114502
2565,0.4370758533477783
2566,0.19980937242507935
2567,0.3014220595359802
2568,0.3808882236480713
2569,0.2054157257080078
2570,0.3201688528060913
2571,0.3558204174041748
2572,0.2609926462173462
2573,0.3208785057067871
2574,0.3548823595046997
2575,0.22206902503967285
2576,0.22923380136489868
2577,0.12998747825622559
2578,0.34770452976226807
2579,0.3402329683303833
2580,0.31082117557525635
2581,0.24512487649917603
2582,0.27532875537872314
2583,0.2925584316253662
2584,0.41909897327423096
2585,0.29264748096466064
2586,0.21308279037475586
2587,0.2242668867111206
2588,0.2055506706237793
2589,0.1937105655670166
2590,0.3838764429092407
2591,0.32860076427459717
2592,0.2689235806465149
2593,0.3338310718536377
2594,0.22776246070861816
2595,0.24802649021148682
2596,0.351673424243927
2597,0.20970642566680908
2598,0.4180058240890503
2599,0.3732367753982544
2600,0.14628911018371582
2601,0.43776655197143555
2602,0.21092987060546875
2603,0.23950040340423584
2604,0.2304498553276062
2605,0.29410672187805176
2606,0.2616479992866516
2607,0.20024210214614868
2608,0.3721022605895996
2609,0.3075576424598694
2610,0.3153008222579956
2611,0.17722845077514648
2612,0.196161150932312
2613,0.2971010208129883
2614,0.4373195171356201
2615,0.34422528743743896
2616,0.21274924278259277
2617,0.30433720350265503
2618,0.3441922068595886
2619,0.21639633178710938
2620,0.509757786989212
2621,0.19364261627197266
2622,0.4364834427833557
2623,0.44943273067474365
2624,0.27568626403808594
2625,0.2513922452926636
2626,0.37703371047973633
2627,0.3956884741783142
2628,0.3363598585128784
2629,0.2704581618309021
2630,0.2870674133300781
2631,0.2241896390914917
2632,0.2876608371734619
2633,0.27909672260284424
2634,0.30417531728744507
2635,0.22964709997177124
2636,0.22547554969787598
2637,0.28229421377182007
2638,0.15175819396972656
2639,0.29767733812332153
2640,0.5284234881401062
2641,0.3524802327156067
2642,0.33985191583633423
2643,0.25660473108291626
2644,0.23422127962112427
2645,0.15074193477630615
2646,0.26241445541381836
2647,0.30304938554763794
2648,0.43769001960754395
2649,0.2395552396774292
2650,0.2925769090652466
2651,0.1877213716506958
2652,0.40160393714904785
2653,0.19618183374404907
2654,0.297862708568573
2655,0.47779351472854614
2656,0.23319631814956665
2657,0.21058690547943115
2658,0.26173168420791626
2659,0.3779885768890381
2660,0.22142517566680908
2661,0.3832284212112427
2662,0.39860451221466064
2663,0.2618873119354248
2664,0.2369534969329834
2665,0.22095906734466553
2666,0.4174741506576538
2667,0.16983985900878906
2668,0.2541798949241638
2669,0.35811692476272583
2670,0.14321845769882202
2671,0.25694191455841064
2672,0.2128990888595581
2673,0.2618746757507324
2674,0.2465153932571411
2675,0.3157016634941101
2676,0.15632593631744385
2677,0.2233055830001831
2678,0.11442959308624268
2679,0.31136149168014526
2680,0.2038792371749878
2681,0.25520026683807373
2682,0.21180570125579834
2683,0.3165624737739563
2684,0.09403800964355469
2685,0.15002775192260742
2686,0.29359936714172363
2687,0.21697455644607544
2688,0.2102978229522705
2689,0.37108898162841797
2690,0.24372833967208862
2691,0.24020135402679443
2692,0.25987738370895386
2693,0.17873650789260864
2694,0.3581525683403015
2695,0.22512739896774292
2696,0.27451568841934204
2697,0.2894144654273987
2698,0.19996589422225952
2699,0.43056976795196533
2700,0.3821001648902893
2701,0.13617658615112305
2702,0.13885676860809326
2703,0.342532217502594
2704,0.3037172555923462
2705,0.33617985248565674
2706,0.21795976161956787
2707,0.268837571144104
2708,0.1901341676712036
2709,0.26214951276779175
2710,0.21022683382034302
2711,0.28267496824264526
2712,0.10167539119720459
2713,0.17571038007736206
2714,0.23751163482666016
2715,0.2967090606689453
2716,0.3463137149810791
2717,0.3199320435523987
2718,0.2848172187805176
2719,0.4198439121246338
2720,0.2941998243331909
2721,0.35433709621429443
2722,0.33743715286254883
2723,0.1794201135635376
2724,0.35394179821014404
2725,0.3676187992095947
2726,0.21351617574691772
2727,0.37472081184387207
2728,0.2891380786895752
2729,0.1974363923072815
2730,0.16438013315200806
2731,0.09205150604248047
2732,0.32579827308654785
2733,0.2725096344947815
2734,0.3186335563659668
2735,0.3917398452758789
2736,0.1396491527557373
2737,0.2174164056777954
2738,0.13675379753112793
2739,0.2592114210128784
2740,0.25934404134750366
2741,0.5069737434387207
2742,0.1648266315460205
2743,0.3252253532409668
2744,0.14981341361999512
2745,0.3027932643890381
2746,0.20593005418777466
2747,0.3449441194534302
2748,0.40545666217803955
2749,0.499971866607666
2750,0.1771765947341919
2751,0.15666723251342773
2752,0.200026273727417
2753,0.444122314453125
2754,0.24849891662597656
2755,0.4588584899902344
2756,0.31578361988067627
2757,0.16341358423233032
2758,0.23292505741119385
2759,0.1986943483352661
2760,0.2577859163284302
2761,0.2858821153640747
2762,0.3516918420791626
2763,0.26556551456451416
2764,0.2656323313713074
2765,0.1751154661178589
2766,0.28805363178253174
2767,0.19778823852539062
2768,0.19610100984573364
2769,0.3089982271194458
2770,0.13483387231826782
2771,0.396176278591156
2772,0.18761801719665527
2773,0.20574522018432617
2774,0.17423087358474731
2775,0.21888113021850586
2776,0.30738139152526855
2777,0.31090354919433594
2778,0.37326347827911377
2779,0.37458717823028564
2780,0.3055293560028076
2781,0.552604079246521
2782,0.29484307765960693
2783,0.20396637916564941
2784,0.2477569580078125
2785,0.400118887424469
2786,0.1026718020439148
2787,0.198755145072937
2788,0.21906083822250366
2789,0.24358153343200684
2790,0.33538389205932617
2791,0.25643599033355713
2792,0.3507903814315796
2793,0.29243695735931396
2794,0.38805902004241943
2795,0.18686753511428833
2796,0.37166595458984375
2797,0.3679283857345581
2798,0.11588644981384277
2799,0.30114519596099854
2800,0.2548559904098511
2801,0.43070995807647705
2802,0.5477483570575714
2803,0.13908511400222778
2804,0.19784706830978394
2805,0.2709377408027649
2806,0.1962490677833557
2807,0.418448805809021
2808,0.35883092880249023
2809,0.2929948568344116
2810,0.2748100757598877
2811,0.34534698724746704
2812,0.4518836736679077
2813,0.28611278533935547
2814,0.18542122840881348
2815,0.39867353439331055
2816,0.2804598808288574
2817,0.28363680839538574
2818,0.18559086322784424
2819,0.33097124099731445
2820,0.15285032987594604
2821,0.21831440925598145
2822,0.2706094980239868
2823,0.13445663452148438
2824,0.3357900381088257
2825,0.12279725074768066
2826,0.13090085983276367
2827,0.3120708465576172
2828,0.4462268352508545
2829,0.2556259036064148
2830,0.42261242866516113
2831,0.4388355612754822
2832,0.3600757122039795
2833,0.20253753662109375
2834,0.293792724609375
2835,0.2842593193054199
2836,0.3749536871910095
2837,0.4541260600090027
2838,0.12703216075897217
2839,0.10686361789703369
2840,0.19005560874938965
2841,0.08624768257141113
2842,0.2079213261604309
2843,0.20469868183135986
2844,0.1734803318977356
2845,0.218278169631958
2846,0.46180295944213867
2847,0.3934420347213745
2848,0.19293367862701416
2849,0.23567956686019897
2850,0.3953588008880615
2851,0.35493266582489014
2852,0.2782973647117615
2853,0.2196064591407776
2854,0.23649734258651733
2855,0.2735898494720459
2856,0.3321613073348999
2857,0.20830059051513672
2858,0.2515857219696045
2859,0.2951854467391968
2860,0.23635178804397583
2861,0.20530962944030762
2862,0.3841491937637329
2863,0.3610416054725647
2864,0.12787747383117676
2865,0.28624415397644043
2866,0.19156569242477417
2867,0.34311962127685547
2868,0.12672889232635498
2869,0.3398827314376831
2870,0.3438553810119629
2871,0.2409394383430481
2872,0.08668887615203857
2873,0.255795955657959
2874,0.27985823154449463
2875,0.18787354230880737
2876,0.2011125087738037
2877,0.33026885986328125
2878,0.37211138010025024
2879,0.2529867887496948
2880,0.40422189235687256
2881,0.303581178188324
2882,0.32686835527420044
2883,0.3742791414260864
2884,0.14788061380386353
2885,0.41544437408447266
2886,0.38520556688308716
2887,0.36312997341156006
2888,0.1485825777053833
2889,0.26286780834198
2890,0.1708623170852661
2891,0.3981609344482422
2892,0.2607231140136719
2893,0.2748826742172241
2894,0.08926451206207275
2895,0.4395831823348999
2896,0.18364226818084717
2897,0.15423059463500977
2898,0.2213730812072754
2899,0.36185193061828613
2900,0.22621667385101318
2901,0.26245617866516113
2902,0.21916788816452026
2903,0.19933032989501953
2904,0.22766882181167603
2905,0.30906128883361816
2906,0.27547234296798706
2907,0.2273876667022705
2908,0.41908514499664307
2909,0.38847339153289795
2910,0.24669963121414185
2911,0.24334096908569336
2912,0.13775688409805298
2913,0.18765676021575928
2914,0.1660131812095642
2915,0.24042367935180664
2916,0.2160446047782898
2917,0.31803858280181885
2918,0.22728419303894043
2919,0.2250881791114807
2920,0.3434237241744995
2921,0.3431099057197571
2922,0.26677680015563965
2923,0.2728010416030884
2924,0.2428792119026184
2925,0.30019044876098633
2926,0.20039010047912598
2927,0.29246413707733154
2928,0.3828001618385315
2929,0.5008570551872253
2930,0.36030077934265137
2931,0.1801099181175232
2932,0.2528899908065796
2933,0.15961283445358276
2934,0.1860971450805664
2935,0.1305018663406372
2936,0.3486172556877136
2937,0.308551549911499
2938,0.4346473813056946
2939,0.25793999433517456
2940,0.13438796997070312
2941,0.17140722274780273
2942,0.302093505859375
2943,0.2203160524368286
2944,0.29893797636032104
2945,0.39890527725219727
2946,0.07797783613204956
2947,0.3837643265724182
2948,0.2929200530052185
2949,0.4221516251564026
2950,0.24553948640823364
2951,0.1425999402999878
2952,0.2637042999267578
2953,0.4609377384185791
2954,0.3005710244178772
2955,0.17328476905822754
2956,0.4746417999267578
2957,0.1585882306098938
2958,0.21065890789031982
2959,0.3297591805458069
2960,0.2799447178840637
2961,0.3267183303833008
2962,0.21721845865249634
2963,0.3532605767250061
2964,0.24911749362945557
2965,0.30605268478393555
2966,0.1468636393547058
2967,0.22866570949554443
2968,0.5119395554065704
2969,0.18101072311401367
2970,0.2747306823730469
2971,0.4660431742668152
2972,0.2302616834640503
2973,0.391213059425354
2974,0.18146514892578125
2975,0.1589643955230713
2976,0.28434693813323975
2977,0.2957080602645874
2978,0.20967602729797363
2979,0.28654372692108154
2980,0.15105044841766357
2981,0.3360559344291687
2982,0.09308427572250366
2983,0.13536620140075684
2984,0.3147846460342407
2985,0.4348147511482239
2986,0.22296392917633057
2987,0.2633723020553589
2988,0.25973713397979736
2989,0.3775026202201843
2990,0.12859225273132324
2991,0.19229698181152344
2992,0.30216336250305176
2993,0.31859278678894043
2994,0.2583423852920532
2995,0.21948891878128052
2996,0.21889543533325195
2997,0.4110379219055176
2998,0.3126673698425293
2999,0.32930469512939453
3000,0.13079619407653809
3001,0.4026477336883545
3002,0.4290904998779297
3003,0.29655909538269043
3004,0.44730710983276367
3005,0.15789836645126343
3006,0.25393521785736084
3007,0.21368408203125
3008,0.37957310676574707
3009,0.1816997528076172
3010,0.1769736409187317
3011,0.18464350700378418
3012,0.280315101146698
3013,0.06707870960235596
3014,0.23330914974212646
3015,0.31480348110198975
3016,0.4210689067840576
3017,0.2998826503753662
3018,0.2978987693786621
3019,0.29936158657073975
3020,0.1648561954498291
3021,0.23662984371185303
3022,0.29053986072540283
3023,0.09127587080001831
3024,0.21400117874145508
3025,0.20110952854156494
3026,0.10497868061065674
3027,0.23709195852279663
3028,0.34170979261398315
3029,0.3129884600639343
3030,0.4420809745788574
3031,0.3242179751396179
3032,0.23526549339294434
3033,0.3510713577270508
3034,0.27313733100891113
3035,0.29096513986587524
3036,0.2944672107696533
3037,0.297227144241333
3038,0.2700157165527344
3039,0.3467373251914978
3040,0.5194385647773743
3041,0.289448618888855
3042,0.3520834445953369
3043,0.3055993318557739
3044,0.22482043504714966
3045,0.2598190903663635
3046,0.1550864577293396
3047,0.19249188899993896
3048,0.28243696689605713
3049,0.3516216278076172
3050,0.18318426609039307
3051,0.24786806106567383
3052,0.33154940605163574
3053,0.3576570749282837
3054,0.25182580947875977
3055,0.33355510234832764
3056,0.03376173973083496
3057,0.22664403915405273
3058,0.42588043212890625
3059,0.2453784942626953
3060,0.2876698970794678
3061,0.26641273498535156
3062,0.3333740234375
3063,0.24955564737319946
3064,0.18016624450683594
3065,0.18984341621398926
3066,0.42598944902420044
3067,0.22302234172821045
3068,0.47342437505722046
3069,0.36397528648376465
3070,0.4209555387496948
3071,0.31085479259490967
3072,0.3389739990234375
3073,0.2203996181488037
3074,0.266279399394989
3075,0.09499490261077881
3076,0.24055778980255127
3077,0.38690507411956787
3078,0.1635705828666687
3079,0.3056855797767639
3080,0.2266087532043457
3081,0.38109147548675537
3082,0.24167966842651367
3083,0.3161393404006958
3084,0.15443909168243408
3085,0.172651469707489
3086,0.3191845417022705
3087,0.4227384924888611
3088,0.23496013879776
3089,0.26071810722351074
3090,0.46062201261520386
3091,0.18351542949676514
3092,0.27985942363739014
3093,0.3925841450691223
3094,0.1621406078338623
3095,0.2193523645401001
3096,0.3633981943130493
3097,0.43067967891693115
3098,0.31959450244903564
3099,0.20927053689956665
3100,0.11387014389038086
3101,0.2770702838897705
3102,0.24244660139083862
3103,0.295136034488678
3104,0.16947245597839355
3105,0.24014854431152344
3106,0.40730154514312744
3107,0.4464700222015381
3108,0.1607595682144165
3109,0.3214104175567627
3110,0.36980265378952026
3111,0.2563272714614868
3112,0.25731098651885986
3113,0.23678207397460938
3114,0.21274936199188232
3115,0.21170169115066528
3116,0.23770266771316528
3117,0.4068528413772583
3118,0.17364144325256348
3119,0.20270824432373047
3120,0.2754283547401428
3121,0.1759611964225769
3122,0.3703957796096802
3123,0.32321667671203613
3124,0.5032912492752075
3125,0.15518498420715332
3126,0.2878231406211853
3127,0.18052268028259277
3128,0.31605255603790283
3129,0.19615662097930908
3130,0.27025777101516724
3131,0.09463769197463989
3132,0.1670404076576233
3133,0.29921478033065796
3134,0.2526029944419861
3135,0.35016578435897827
3136,0.16157644987106323
3137,0.24796730279922485
3138,0.18715602159500122
3139,0.3756210207939148
3140,0.34371161460876465
3141,0.2877192497253418
3142,0.1642283797264099
3143,0.2890660762786865
3144,0.35742032527923584
3145,0.3475700616836548
3146,0.38828009366989136
3147,0.27527105808258057
3148,0.44531095027923584
3149,0.10962569713592529
3150,0.33182716369628906
3151,0.30814653635025024
3152,0.20614463090896606
3153,0.23619544506072998
3154,0.24285590648651123
3155,0.24957597255706787
3156,0.2664346694946289
3157,0.19983720779418945
3158,0.3309892416000366
3159,0.1885453462600708
3160,0.11462914943695068
3161,0.21103322505950928
3162,0.2781211733818054
3163,0.09917855262756348
3164,0.3016458749771118
3165,0.26842236518859863
3166,0.2891308665275574
3167,0.3125055432319641
3168,0.24110877513885498
3169,0.2225487232208252
3170,0.24795496463775635
3171,0.2074894905090332
3172,0.16454553604125977
3173,0.3137599229812622
3174,0.3054988384246826
3175,0.2931232452392578
3176,0.17437851428985596
3177,0.20472317934036255
3178,0.1408395767211914
3179,0.3237702250480652
3180,0.42165350914001465
3181,0.2795928716659546
3182,0.424927294254303
3183,0.1691046953201294
3184,0.3095414638519287
3185,0.3523503541946411
3186,0.2083042860031128
3187,0.37168556451797485
3188,0.1719571352005005
3189,0.25929969549179077
3190,0.08776891231536865
3191,0.37310361862182617
3192,0.1933639645576477
3193,0.25241154432296753
3194,0.09499365091323853
3195,0.15805262327194214
3196,0.29586082696914673
3197,0.26084840297698975
3198,0.2952064275741577
3199,0.3165197968482971
3200,0.3438378572463989
3201,0.26740729808807373
3202,0.13213860988616943
3203,0.4212985038757324
3204,0.2410767674446106
3205,0.2606303095817566
3206,0.17752742767333984
3207,0.2860105037689209
3208,0.2943918704986572
3209,0.10420393943786621
3210,0.3285644054412842
3211,0.2874831557273865
3212,0.2737940549850464
3213,0.21354979276657104
3214,0.3062760829925537
3215,0.22415578365325928
3216,0.27604150772094727
3217,0.18599307537078857
3218,0.21824252605438232
3219,0.26182013750076294
3220,0.268071711063385
3221,0.3785144090652466
3222,0.33512139320373535
3223,0.23997199535369873
3224,0.30937403440475464
3225,0.4727663993835449
3226,0.2997872829437256
3227,0.32245659828186035
3228,0.2708386778831482
3229,0.19250833988189697
3230,0.26647019386291504
3231,0.11995530128479004
3232,0.43379372358322144
3233,0.12696468830108643
3234,0.3946568965911865
3235,0.15858566761016846
3236,0.371883749961853
3237,0.34172725677490234
3238,0.3006366491317749
3239,0.1377793550491333
3240,0.3649613857269287
3241,0.34469836950302124
3242,0.20004940032958984
3243,0.2425934076309204
3244,0.3314763307571411
3245,0.22351694107055664
3246,0.3288921117782593
3247,0.24189043045043945
3248,0.12009310722351074
3249,0.20996832847595215
3250,0.44019031524658203
3251,0.4087983965873718
3252,0.2800965905189514
3253,0.35718828439712524
3254,0.3232167363166809
3255,0.19992196559906006
3256,0.39437180757522583
3257,0.49281764030456543
3258,0.22356164455413818
3259,0.436626672744751
3260,0.06441992521286011
3261,0.16038882732391357
3262,0.2640315890312195
3263,0.40482616424560547
3264,0.30186891555786133
3265,0.3013330101966858
3266,0.20269125699996948
3267,0.2894914150238037
3268,0.3653183579444885
3269,0.2930912971496582
3270,0.19348645210266113
3271,0.30167049169540405
3272,0.27044689655303955
3273,0.22918212413787842
3274,0.21532005071640015
3275,0.5175878703594208
3276,0.2824810743331909
3277,0.23526781797409058
3278,0.29959404468536377
3279,0.3116353154182434
3280,0.18316304683685303
3281,0.1305006742477417
3282,0.3549387454986572
3283,0.29139941930770874
3284,0.18207693099975586
3285,0.17089861631393433
3286,0.2652926445007324
3287,0.2704414129257202
3288,0.18166345357894897
3289,0.06955134868621826
3290,0.21436089277267456
3291,0.42076575756073
3292,0.13608777523040771
3293,0.31634658575057983
3294,0.2127770185470581
3295,0.5513302385807037
3296,0.44081777334213257
3297,0.14195919036865234
3298,0.3001449704170227
3299,0.30647188425064087
3300,0.24328160285949707
3301,0.1783146858215332
3302,0.3592153787612915
3303,0.3937222361564636
3304,0.40892505645751953
3305,0.29870152473449707
3306,0.3148924708366394
3307,0.2087917923927307
3308,0.26504266262054443
3309,0.11186474561691284
3310,0.30743587017059326
3311,0.29226213693618774
3312,0.25711697340011597
3313,0.1673727035522461
3314,0.12548911571502686
3315,0.25555676221847534
3316,0.29218345880508423
3317,0.33641254901885986
3318,0.44811689853668213
3319,0.39111024141311646
3320,0.36717772483825684
3321,0.13450360298156738
3322,0.3846937417984009
3323,0.3375502824783325
3324,0.1727420687675476
3325,0.18045306205749512
3326,0.29586315155029297
3327,0.09202909469604492
3328,0.24179506301879883
3329,0.299017071723938
3330,0.317699670791626
3331,0.41742098331451416
3332,0.19231325387954712
3333,0.25090670585632324
3334,0.2792212963104248
3335,0.2674304246902466
3336,0.20260530710220337
3337,0.3033144474029541
3338,0.299979567527771
3339,0.18882960081100464
3340,0.2943574786186218
3341,0.20490968227386475
3342,0.18676114082336426
3343,0.19068753719329834
3344,0.2745335102081299
3345,0.4216929078102112
3346,0.1843600869178772
3347,0.18566131591796875
3348,0.3549008369445801
3349,0.3269428610801697
3350,0.19794785976409912
3351,0.3404722809791565
3352,0.2877631187438965
3353,0.25503742694854736
3354,0.23308128118515015
3355,0.32234108448028564
3356,0.33641350269317627
3357,0.2874869108200073
3358,0.23052829504013062
3359,0.18215525150299072
3360,0.18613028526306152
3361,0.11003506183624268
3362,0.3059578537940979
3363,0.34500813484191895
3364,0.15307402610778809
3365,0.43994367122650146
3366,0.24124079942703247
3367,0.2136443853378296
3368,0.2810448408126831
3369,0.10410761833190918
3370,0.1650681495666504
3371,0.2150782346725464
3372,0.14265435934066772
3373,0.30944371223449707
3374,0.22846710681915283
3375,0.3198237419128418
3376,0.1524505615234375
3377,0.1739063262939453
3378,0.31002384424209595
3379,0.2372838258743286
3380,0.26154661178588867
3381,0.444951593875885
3382,0.13672566413879395
3383,0.16648733615875244
3384,0.2290107011795044
3385,0.23232871294021606
3386,0.3271371126174927
3387,0.41001594066619873
3388,0.31537723541259766
3389,0.3196709156036377
3390,0.3168991208076477
3391,0.2720267176628113
3392,0.17495286464691162
3393,0.14579260349273682
3394,0.37389856576919556
3395,0.23580312728881836
3396,0.160505473613739
3397,0.18885385990142822
3398,0.25911426544189453
3399,0.38553065061569214
3400,0.3948467969894409
3401,0.34612369537353516
3402,0.254669189453125
3403,0.0
3404,0.15287119150161743
3405,0.20846056938171387
3406,0.23768293857574463
3407,0.41658341884613037
3408,0.16142839193344116
3409,0.4546341896057129
3410,0.18994295597076416
3411,0.33959800004959106
3412,0.276104211807251
3413,0.32751959562301636
3414,0.22967541217803955
3415,0.34026968479156494
3416,0.40569013357162476
3417,0.33585935831069946
3418,0.24330854415893555
3419,0.17439603805541992
3420,0.31212103366851807
3421,0.05445849895477295
3422,0.3424571752548218
3423,0.43136072158813477
3424,0.37054991722106934
3425,0.11647289991378784
3426,0.27414649724960327
3427,0.2468712329864502
3428,0.26414334774017334
3429,0.18144047260284424
3430,0.37476861476898193
3431,0.24929118156433105
3432,0.20183396339416504
3433,0.3036736249923706
3434,0.3044409155845642
3435,0.21601569652557373
3436,0.3038223385810852
3437,0.29604822397232056
3438,0.40332889556884766
3439,0.2939333915710449
3440,0.31549984216690063
3441,0.22928708791732788
3442,0.14284241199493408
3443,0.2184932827949524
3444,0.47613197565078735
3445,0.37999391555786133
3446,0.3957638144493103
3447,0.23928570747375488
3448,0.26932239532470703
3449,0.38415127992630005
3450,0.22963571548461914
3451,0.2143426537513733
3452,0.2501375675201416
3453,0.382621169090271
3454,0.3927447199821472
3455,0.2453169822692871
3456,0.24753236770629883
3457,0.285588800907135
3458,0.22761797904968262
3459,0.10099279880523682
3460,0.4489389657974243
3461,0.20056766271591187
3462,0.45377349853515625
3463,0.3289029598236084
3464,0.2669762372970581
3465,0.25885897874832153
3466,0.2752727270126343
3467,0.1934223771095276
3468,0.2831394672393799
3469,0.31736183166503906
3470,0.31293463706970215
3471,0.2599831819534302
3472,0.23763900995254517
3473,0.14419758319854736
3474,0.3480759859085083
3475,0.3380171060562134
3476,0.4389212131500244
3477,0.332757830619812
3478,0.3532804846763611
3479,0.28501325845718384
3480,0.12490648031234741
3481,0.2369765043258667
3482,0.3982318043708801
3483,0.24341273307800293
3484,0.28392624855041504
3485,0.20557105541229248
3486,0.13775849342346191
3487,0.23941361904144287
3488,0.3243623971939087
3489,0.44373321533203125
3490,0.25033390522003174
3491,0.21156388521194458
3492,0.16117197275161743
3493,0.29612255096435547
3494,0.2595164179801941
3495,0.19615495204925537
3496,0.28575730323791504
3497,0.31070178747177124
3498,0.15859979391098022
3499,0.32230377197265625
3500,0.18401670455932617
3501,0.2822721004486084
3502,0.4196455478668213
3503,0.19725775718688965
3504,0.26961344480514526
3505,0.25420433282852173
3506,0.1328880786895752
3507,0.17824143171310425
3508,0.338711142539978
3509,0.28264617919921875
3510,0.24031615257263184
3511,0.25443220138549805
3512,0.3387136459350586
3513,0.3148014545440674
3514,0.1756967306137085
3515,0.3778148889541626
3516,0.12429094314575195
3517,0.3307492733001709
3518,0.19853150844573975
3519,0.2807939052581787
3520,0.16223186254501343
3521,0.2558887004852295
3522,0.2272629737854004
3523,0.16105258464813232
3524,0.3137155771255493
3525,0.16190850734710693
3526,0.15819001197814941
3527,0.2362070083618164
3528,0.3459242582321167
3529,0.2636187672615051
3530,0.15521526336669922
3531,0.2033078670501709
3532,0.4953380227088928
3533,0.3941582441329956
3534,0.24455976486206055
3535,0.455985426902771
3536,0.13910293579101562
3537,0.17925035953521729
3538,0.37660300731658936
3539,0.3082054853439331
3540,0.3402487635612488
3541,0.250302791595459
3542,0.14916902780532837
3543,0.1584872007369995
3544,0.060892581939697266
3545,0.22225046157836914
3546,0.23150324821472168
3547,0.18752872943878174
3548,0.189050555229187
3549,0.34053701162338257
3550,0.07654726505279541
3551,0.3541684150695801
3552,0.06810331344604492
3553,0.16718018054962158
3554,0.31166505813598633
3555,0.459730863571167
3556,0.274739146232605
3557,0.34373390674591064
3558,0.3289121389389038
3559,0.2700587511062622
3560,0.2903739809989929
3561,0.3243664503097534
3562,0.36434614658355713
3563,0.254036545753479
3564,0.2639696002006531
3565,0.4248441457748413
3566,0.18099546432495117
3567,0.21499848365783691
3568,0.23455774784088135
3569,0.3341521620750427
3570,0.36292147636413574
3571,0.24531209468841553
3572,0.2530771493911743
3573,0.3757370710372925
3574,0.2725273370742798
3575,0.4535577893257141
3576,0.1701166033744812
3577,0.2212008237838745
3578,0.49540209770202637
3579,0.23354017734527588
3580,0.38222604990005493
3581,0.24221432209014893
3582,0.3338356614112854
3583,0.2807859778404236
3584,0.5432380437850952
3585,0.3484535217285156
3586,0.2417236566543579
3587,0.1721116304397583
3588,0.14905869960784912
3589,0.27637171745300293
3590,0.3038676977157593
3591,0.1640486717224121
3592,0.15764451026916504
3593,0.21693217754364014
3594,0.1826024055480957
3595,0.313701868057251
3596,0.341699481010437
3597,0.2786468267440796
3598,0.3044511079788208
3599,0.37656641006469727
3600,0.17919635772705078
3601,0.21668559312820435
3602,0.2968372106552124
3603,0.17327356338500977
3604,0.3865389823913574
3605,0.21971774101257324
3606,0.35143065452575684
3607,0.15759295225143433
3608,0.33423370122909546
3609,0.15950524806976318
3610,0.37994784116744995
3611,0.16309243440628052
3612,0.24277466535568237
3613,0.3513697385787964
3614,0.14864933490753174
3615,0.4027920961380005
3616,0.22491240501403809
3617,0.36709272861480713
3618,0.3422815799713135
3619,0.1792331337928772
3620,0.23535090684890747
3621,0.20424222946166992
3622,0.1280221939086914
3623,0.19433313608169556
3624,0.13205617666244507
3625,0.3722703456878662
3626,0.22358167171478271
3627,0.21339011192321777
3628,0.18156194686889648
3629,0.38190650939941406
3630,0.3533898591995239
3631,0.3778687119483948
3632,0.36121344566345215
3633,0.3621084690093994
3634,0.4449617266654968
3635,0.22181236743927002
3636,0.12999999523162842
3637,0.40554624795913696
3638,0.29993391036987305
3639,0.2530973553657532
3640,0.05613154172897339
3641,0.29461491107940674
3642,0.22707343101501465
3643,0.18074899911880493
3644,0.35565441846847534
3645,0.19365942478179932
3646,0.16536903381347656
3647,0.27647995948791504
3648,0.24181336164474487
3649,0.40232646465301514
3650,0.4021192789077759
3651,0.4139254689216614
3652,0.16325294971466064
3653,0.36482560634613037
3654,0.12281155586242676
3655,0.27274763584136963
3656,0.23424994945526123
3657,0.22716695070266724
3658,0.3052799701690674
3659,0.17528676986694336
3660,0.2715132236480713
3661,0.36834168434143066
3662,0.3474511504173279
3663,0.3930509090423584
3664,0.3219257593154907
3665,0.3036566972732544
3666,0.16166210174560547
3667,0.2985830307006836
3668,0.2871696949005127
3669,0.3616302013397217
3670,0.13464844226837158
3671,0.22857201099395752
3672,0.16765296459197998
3673,0.11461138725280762
3674,0.1895008087158203
3675,0.203238844871521
3676,0.25105124711990356
3677,0.2887311577796936
3678,0.35212182998657227
3679,0.36423492431640625
3680,0.21882092952728271
3681,0.3653678894042969
3682,0.272158145904541
3683,0.4264795780181885
3684,0.4405393600463867
3685,0.3499552011489868
3686,0.23754823207855225
3687,0.40660786628723145
3688,0.3445340394973755
3689,0.24847042560577393
3690,0.22740715742111206
3691,0.365478515625
3692,0.15708398818969727
3693,0.17834478616714478
3694,0.20158988237380981
3695,0.27527642250061035
3696,0.24186229705810547
3697,0.18401670455932617
3698,0.23311340808868408
3699,0.23573732376098633
3700,0.21545922756195068
3701,0.20396113395690918
3702,0.3070235848426819
3703,0.2820134162902832
3704,0.2252664566040039
3705,0.36953043937683105
3706,0.20169556140899658
3707,0.16089260578155518
3708,0.21375399827957153
3709,0.3338721990585327
3710,0.19018590450286865
3711,0.1736798882484436
3712,0.3551703691482544
3713,0.4020838737487793
3714,0.38073980808258057
3715,0.23095595836639404
3716,0.2288590669631958
3717,0.2534528970718384
3718,0.18728363513946533
3719,0.3866387605667114
3720,0.20215338468551636
3721,0.28265249729156494
3722,0.46918177604675293
3723,0.35777902603149414
3724,0.12438714504241943
3725,0.19108617305755615
3726,0.2700122594833374
3727,0.176519513130188
3728,0.24649780988693237
3729,0.45003175735473633
3730,0.2689417004585266
3731,0.3197673559188843
3732,0.1075705885887146
3733,0.21900153160095215
3734,0.3577162027359009
3735,0.2870088219642639
3736,0.3399999141693115
3737,0.15289855003356934
3738,0.09389406442642212
3739,0.26475709676742554
3740,0.37150317430496216
3741,0.39370667934417725
3742,0.46100711822509766
3743,0.2037339210510254
3744,0.2501814365386963
3745,0.23632103204727173
3746,0.23680084943771362
3747,0.15180319547653198
3748,0.1919161081314087
3749,0.2518879175186157
3750,0.40450024604797363
3751,0.3432508707046509
3752,0.26073312759399414
3753,0.090850830078125
3754,0.2052033543586731
3755,0.16493868827819824
3756,0.21394479274749756
3757,0.4366997480392456
3758,0.20308470726013184
3759,0.161810040473938
3760,0.35194307565689087
3761,0.31152379512786865
3762,0.154504656791687
3763,0.18152207136154175
3764,0.36368417739868164
3765,0.17619222402572632
3766,0.25935935974121094
3767,0.2928321361541748
3768,0.1950412392616272
3769,0.1080702543258667
3770,0.36011457443237305
3771,0.29314643144607544
3772,0.2666853666305542
3773,0.19313806295394897
3774,0.1600116491317749
3775,0.1731765866279602
3776,0.2572364807128906
3777,0.3566420078277588
3778,0.337307870388031
3779,0.22804248332977295
3780,0.2886946201324463
3781,0.26984941959381104
3782,0.3231578469276428
3783,0.41810786724090576
3784,0.33241546154022217
3785,0.23372244834899902
3786,0.3590277433395386
3787,0.24132037162780762
3788,0.13382399082183838
3789,0.2733722925186157
3790,0.28368109464645386
3791,0.2879239320755005
3792,0.1492764949798584
3793,0.13174015283584595
3794,0.1999189853668213
3795,0.12278348207473755
3796,0.28292304277420044
3797,0.2573171854019165
3798,0.1615515947341919
3799,0.22848820686340332
3800,0.16076380014419556
3801,0.2449885606765747
3802,0.3423658609390259
3803,0.3287651538848877
3804,0.38792526721954346
3805,0.340498685836792
3806,0.19419431686401367
3807,0.25732964277267456
3808,0.19979554414749146
3809,0.32618236541748047
3810,0.3466150760650635
3811,0.2550145387649536
3812,0.17671078443527222
3813,0.10062110424041748
3814,0.25085747241973877
3815,0.09811800718307495
3816,0.25081706047058105
3817,0.25741684436798096
3818,0.46968817710876465
3819,0.2593129873275757
3820,0.19507288932800293
3821,0.09722709655761719
3822,0.3365253210067749
3823,0.3201957941055298
3824,0.44281983375549316
3825,0.3108779191970825
3826,0.3366464376449585
3827,0.06299090385437012
3828,0.3807133436203003
3829,0.3708128333091736
3830,0.309037446975708
3831,0.2583281993865967
3832,0.2908037304878235
3833,0.159654438495636
3834,0.2166215181350708
3835,0.21125495433807373
3836,0.189483642578125
3837,0.32809609174728394
3838,0.26200616359710693
3839,0.19148004055023193
3840,0.4752821922302246
3841,0.35649561882019043
3842,0.4029563069343567
3843,0.3413277864456177
3844,0.3534053564071655
3845,0.29936814308166504
3846,0.11940580606460571
3847,0.13664495944976807
3848,0.1632062792778015
3849,0.3744797110557556
3850,0.3705432415008545
3851,0.19048619270324707
3852,0.2988470196723938
3853,0.3674744963645935
3854,0.38722485303878784
3855,0.1337263584136963
3856,0.24932539463043213
3857,0.39078402519226074
3858,0.15487170219421387
3859,0.08259618282318115
3860,0.23322135210037231
3861,0.17282813787460327
3862,0.20986956357955933
3863,0.4046310782432556
3864,0.293296217918396
3865,0.26525723934173584
3866,0.29965341091156006
3867,0.4160512685775757
3868,0.19612348079681396
3869,0.2900165915489197
3870,0.2470589280128479
3871,0.1576024889945984
3872,0.1759435534477234
3873,0.4033190608024597
3874,0.21133410930633545
3875,0.2415669560432434
3876,0.31528836488723755
3877,0.23742830753326416
3878,0.08646607398986816
3879,0.12662047147750854
3880,0.23686087131500244
3881,0.2038867473602295
3882,0.1929875612258911
3883,0.30394887924194336
3884,0.28470075130462646
3885,0.29116344451904297
3886,0.18524909019470215
3887,0.3779003620147705
3888,0.3014395236968994
3889,0.27937430143356323
3890,0.20935595035552979
3891,0.09883469343185425
3892,0.32650673389434814
3893,0.38085323572158813
3894,0.2484685778617859
3895,0.2918586730957031
3896,0.3341544270515442
3897,0.174954354763031
3898,0.3175008296966553
3899,0.3288266658782959
3900,0.3144124150276184
3901,0.19828695058822632
3902,0.3440415859222412
3903,0.18227773904800415
3904,0.36793452501296997
3905,0.198899507522583
3906,0.3161505460739136
3907,0.2731063961982727
3908,0.19311487674713135
3909,0.3026463985443115
3910,0.26531660556793213
3911,0.17772668600082397
3912,0.1948317289352417
3913,0.3290071487426758
3914,0.2010866403579712
3915,0.17843425273895264
3916,0.24777311086654663
3917,0.3196415901184082
3918,0.35479509830474854
3919,0.1938905119895935
3920,0.5750522613525391
3921,0.11122757196426392
3922,0.20770055055618286
3923,0.3187029957771301
3924,0.20301848649978638
3925,0.4397854804992676
3926,0.4138857126235962
3927,0.1488417387008667
3928,0.2645975947380066
3929,0.2619935870170593
3930,0.2208579182624817
3931,0.19793319702148438
3932,0.34453916549682617
3933,0.31821274757385254
3934,0.15706467628479004
3935,0.316428542137146
3936,0.27042335271835327
3937,0.06586134433746338
3938,0.1358482837677002
3939,0.18976932764053345
3940,0.25426143407821655
3941,0.3014339208602905
3942,0.28859972953796387
3943,0.3900728225708008
3944,0.23305439949035645
3945,0.20221799612045288
3946,0.2990249991416931
3947,0.22926855087280273
3948,0.22797751426696777
3949,0.213922381401062
3950,0.19494163990020752
3951,0.3127244710922241
3952,0.37483370304107666
3953,0.2549937963485718
3954,0.3411492705345154
3955,0.4136531949043274
3956,0.27596551179885864
3957,0.3345987796783447
3958,0.2223219871520996
3959,0.26807475090026855
3960,0.2888514995574951
3961,0.3906015157699585
3962,0.31514668464660645
3963,0.25563716888427734
3964,0.1658206582069397
3965,0.38253170251846313
3966,0.3066660165786743
3967,0.13292813301086426
3968,0.23949003219604492
3969,0.2314714789390564
3970,0.3741116523742676
3971,0.33958899974823
3972,0.34619051218032837
3973,0.3232448101043701
3974,0.17894774675369263
3975,0.3301311135292053
3976,0.3585951328277588
3977,0.24012529850006104
3978,0.17612576484680176
3979,0.28243446350097656
3980,0.35259896516799927
3981,0.363165020942688
3982,0.1902986764907837
3983,0.21958637237548828
3984,0.28328216075897217
3985,0.2061435580253601
3986,0.21687352657318115
3987,0.3554905652999878
3988,0.31866878271102905
3989,0.2904577851295471
3990,0.10232222080230713
3991,0.34142816066741943
3992,0.4416760206222534
3993,0.26224422454833984
3994,0.49767494201660156
3995,0.2666529417037964
3996,0.1443573236465454
3997,0.17093980312347412
3998,0.2399044632911682
3999,0.19530987739562988
4000,0.2029820680618286
4001,0.38145482540130615
4002,0.454207181930542
4003,0.2790459394454956
4004,0.3969004154205322
4005,0.24830353260040283
4006,0.40233665704727173
4007,0.282214879989624
4008,0.37897562980651855
4009,0.30245059728622437
4010,0.3001004457473755
4011,0.170260488986969
4012,0.372200071811676
4013,0.3687945604324341
4014,0.38188815116882324
4015,0.3507304787635803
4016,0.3121092915534973
4017,0.3337227702140808
4018,0.22803270816802979
4019,0.4039851427078247
4020,0.2921030521392822
4021,0.4376499652862549
4022,0.36115628480911255
